5,0.6,0.6,0,0.15,0.2,0.4,0.15
10,1.21,1.21,0,0.3,0.4,0.8,0.3
15,1.82,1.82,0,0.45,0.6,1.2,0.45
20,2.42,2.42,0,0.6,0.8,1.6,0.6
25,3.03,3.03,0,0.75,1,2,0.75
30,3.64,3.64,0,0.9,1.2,2.4,0.9
35,4.24,4.24,0,1.05,1.4,2.8,0.95
40,4.85,4.85,0,1.2,1.6,3.2,1.1
45,5.46,5.46,0,1.35,1.8,3.6,1.25
50,6.06,6.06,0,1.5,2,4,1.4
55,6.67,6.67,0,1.65,2.2,4.4,1.55
60,7.28,7.28,0,1.8,2.4,4.8,1.7
65,7.93,7.93,0,1.95,2.6,5.2,1.85
70,8.53,8.53,0,2.1,2.8,5.6,1.89
75,9.14,9.14,0,2.25,3,6,2.04
80,9.75,9.75,0,2.4,3.2,6.4,2.19
85,10.35,10.35,0,2.55,3.4,6.8,2.34
90,10.96,10.96,0,2.7,3.6,7.2,2.49
95,11.57,11.57,0,2.85,3.8,7.6,2.64
100,12.17,12.17,0,3,4,8,2.69
105,12.78,12.78,0,3.15,4.2,8.4,2.84
110,13.39,13.39,0,3.3,4.4,8.8,2.99
115,13.99,13.99,0,3.45,4.6,9.2,3.14
120,14.6,14.6,0,3.6,4.8,9.6,3.29
125,15.21,15.21,0,3.75,5,10,3.44
130,15.86,15.86,0,3.9,5.2,10.4,3.59
135,16.46,16.46,0,4.05,5.4,10.8,3.63
140,17.07,17.07,0,4.2,5.6,11.2,3.78
145,17.68,17.68,0,4.35,5.8,11.6,3.93
150,18.28,18.28,0,4.5,6,12,4.08
155,18.89,18.89,0,4.65,6.2,12.4,4.23
160,19.5,19.5,0,4.8,6.4,12.8,4.38
165,20.1,20.1,0,4.95,6.6,13.2,4.53
170,20.71,20.71,0,5.1,6.8,13.6,4.58
175,21.32,21.32,0,5.25,7,14,4.73
180,21.92,21.92,0,5.4,7.2,14.4,4.88
185,22.53,22.53,0,5.55,7.4,14.8,5.03
190,23.14,23.14,0,5.7,7.6,15.2,5.18
195,23.79,23.79,0,5.85,7.8,15.6,5.33
200,24.39,24.39,0,6,8,16,5.37
205,25,25,0,6.15,8.2,16.4,5.52
210,25.61,25.61,0,6.3,8.4,16.8,5.67
215,26.21,26.21,0,6.45,8.6,17.2,5.82
220,26.82,26.82,0,6.6,8.8,17.6,5.97
225,27.43,27.43,0,6.75,9,18,6.12
230,28.03,28.03,0,6.9,9.2,18.4,6.27
235,28.64,28.64,0,7.05,9.4,18.8,6.32
240,29.25,29.25,0,7.2,9.6,19.2,6.47
245,29.85,29.85,0,7.35,9.8,19.6,6.62
250,30.46,30.46,0,7.5,10,20,6.77
255,31.07,31.07,0,7.65,10.2,20.4,6.92
260,31.72,31.72,0,7.8,10.4,20.8,7.07
265,32.32,32.32,0,7.95,10.6,21.2,7.22
270,32.93,32.93,0,8.1,10.8,21.6,7.26
275,33.54,33.54,0,8.25,11,22,7.41
280,34.14,34.14,0,8.4,11.2,22.4,7.56
285,34.75,34.75,0,8.55,11.4,22.8,7.71
290,35.36,35.36,0,8.7,11.6,23.2,7.86
295,35.96,35.96,0,8.85,11.8,23.6,8.01
300,36.57,36.57,0,9,12,24,8.06
305,37.18,37.18,0,9.15,12.2,24.4,8.21
310,37.78,37.78,0,9.3,12.4,24.8,8.36
315,38.39,38.39,0,9.45,12.6,25.2,8.51
320,39,39,0,9.6,12.8,25.6,8.66
325,39.65,39.65,0,9.75,13,26,8.81
330,40.25,40.25,0,9.9,13.2,26.4,8.96
335,40.86,40.86,0,10.05,13.4,26.8,9
340,41.47,41.47,0,10.2,13.6,27.2,9.15
345,42.07,42.07,0,10.35,13.8,27.6,9.3
350,42.68,42.68,0,10.5,14,28,9.45
355,43.29,43.29,0,10.65,14.2,28.4,9.6
360,43.89,43.89,0,10.8,14.4,28.8,9.75
365,44.5,44.5,0,10.95,14.6,29.2,9.9
370,45.11,45.11,0,11.1,14.8,29.6,9.95
375,45.71,45.71,0,11.25,15,30,10.1
380,46.32,46.32,0,11.4,15.2,30.4,10.25
385,46.93,46.93,0,11.55,15.4,30.8,10.4
390,47.58,47.58,0,11.7,15.6,31.2,10.55
395,48.18,48.18,0,11.85,15.8,31.6,10.7
400,48.79,48.79,0,12,16,32,10.74
405,49.4,49.4,0,12.15,16.2,32.4,10.89
410,50,50,0,12.3,16.4,32.8,11.04
415,50.61,50.61,0,12.45,16.6,33.2,11.19
420,51.22,51.22,0,12.6,16.8,33.6,11.34
425,51.82,51.82,0,12.75,17,34,11.49
430,52.43,52.43,0,12.9,17.2,34.4,11.64
435,53.04,53.04,0,13.05,17.4,34.8,11.69
440,53.64,53.64,0,13.2,17.6,35.2,11.84
445,54.25,54.25,0,13.35,17.8,35.6,11.99
450,54.86,54.86,0,13.5,18,36,12.14
455,55.51,55.51,0,13.65,18.2,36.4,12.29
460,56.11,56.11,0,13.8,18.4,36.8,12.44
465,56.72,56.72,0,13.95,18.6,37.2,12.59
470,57.33,57.33,0,14.1,18.8,37.6,12.63
475,57.93,57.93,0,14.25,19,38,12.78
480,58.54,58.54,0,14.4,19.2,38.4,12.93
485,59.15,59.15,0,14.55,19.4,38.8,13.08
490,59.75,59.75,0,14.7,19.6,39.2,13.23
495,60.36,60.36,0,14.85,19.8,39.6,13.38
500,60.97,60.97,0,15,20,40,13.43
505,61.57,61.57,0,15.15,20.2,40.4,13.58
510,62.18,62.18,0,15.3,20.4,40.8,13.73
515,62.79,62.79,0,15.45,20.6,41.2,13.88
520,63.44,63.44,0,15.6,20.8,41.6,14.03
525,64.04,64.04,0,15.75,21,42,14.18
530,64.65,64.65,0,15.9,21.2,42.4,14.33
535,65.26,65.26,0,16.05,21.4,42.8,14.37
540,65.86,65.86,0,16.2,21.6,43.2,14.52
545,66.47,66.47,0,16.35,21.8,43.6,14.67
550,67.08,67.08,0,16.5,22,44,14.82
555,67.68,67.68,0,16.65,22.2,44.4,14.97
560,68.29,68.29,0,16.8,22.4,44.8,15.12
565,68.9,68.9,0,16.95,22.6,45.2,15.27
570,69.5,69.5,0,17.1,22.8,45.6,15.32
575,70.11,70.11,0,17.25,23,46,15.47
580,70.72,70.72,0,17.4,23.2,46.4,15.62
585,71.37,71.37,0,17.55,23.4,46.8,15.77
590,71.97,71.97,0,17.7,23.6,47.2,15.92
595,72.58,72.58,0,17.85,23.8,47.6,16.07
600,73.19,73.19,0,18,24,48,16.11
605,73.79,73.79,0,18.15,24.2,48.4,16.26
610,74.4,74.4,0,18.3,24.4,48.8,16.41
615,75.01,75.01,0,18.45,24.6,49.2,16.56
620,75.61,75.61,0,18.6,24.8,49.6,16.71
625,76.22,76.22,0,18.75,25,50,16.86
630,76.83,76.83,0,18.9,25.2,50.4,17.01
635,77.43,77.43,0,19.05,25.4,50.8,17.06
640,78.04,78.04,0,19.2,25.6,51.2,17.21
645,78.65,78.65,0,19.35,25.8,51.6,17.36
650,79.3,79.3,0,19.5,26,52,17.51
655,79.9,79.9,0,19.65,26.2,52.4,17.66
660,80.51,80.51,0,19.8,26.4,52.8,17.81
665,81.12,81.12,0,19.95,26.6,53.2,17.96
670,81.72,81.72,0,20.1,26.8,53.6,18
675,82.33,82.33,0,20.25,27,54,18.15
680,82.94,82.94,0,20.4,27.2,54.4,18.3
685,83.54,83.54,0,20.55,27.4,54.8,18.45
690,84.15,84.15,0,20.7,27.6,55.2,18.6
695,84.76,84.76,0,20.85,27.8,55.6,18.75
700,85.36,85.36,0,21,28,56,18.8
705,85.97,85.97,0,21.15,28.2,56.4,18.95
710,86.58,86.58,0,21.3,28.4,56.8,19.1
715,87.23,87.23,0,21.45,28.6,57.2,19.25
720,87.83,87.83,0,21.6,28.8,57.6,19.4
725,88.44,88.44,0,21.75,29,58,19.55
730,89.05,89.05,0,21.9,29.2,58.4,19.7
735,89.65,89.65,0,22.05,29.4,58.8,19.74
740,90.26,90.26,0,22.2,29.6,59.2,19.89
745,90.87,90.87,0,22.35,29.8,59.6,20.04
750,91.47,91.47,0,22.5,30,60,20.19
755,92.08,92.08,0,22.65,30.2,60.4,20.34
760,92.69,92.69,0,22.8,30.4,60.8,20.49
765,93.29,93.29,0,22.95,30.6,61.2,20.64
770,93.9,93.9,0,23.1,30.8,61.6,20.69
775,94.51,94.51,0,23.25,31,62,20.84
780,95.16,95.16,0,23.4,31.2,62.4,20.99
785,95.76,95.76,0,23.55,31.4,62.8,21.14
790,96.37,96.37,0,23.7,31.6,63.2,21.29
795,96.98,96.98,0,23.85,31.8,63.6,21.44
800,97.58,97.58,0,24,32,64,21.48
805,98.19,98.19,0,24.15,32.2,64.4,21.63
810,98.8,98.8,0,24.3,32.4,64.8,21.78
815,99.4,99.4,0,24.45,32.6,65.2,21.93
820,100.01,100.01,0,24.6,32.8,65.6,22.08
825,100.62,100.62,0,24.75,33,66,22.23
830,101.22,101.22,0,24.9,33.2,66.4,22.38
835,101.83,101.83,0,25.05,33.4,66.8,22.43
840,102.44,102.44,0,25.2,33.6,67.2,22.58
845,103.09,103.09,0,25.35,33.8,67.6,22.73
850,103.69,103.69,0,25.5,34,68,22.88
855,104.3,104.3,0,25.65,34.2,68.4,23.03
860,104.91,104.91,0,25.8,34.4,68.8,23.18
865,105.51,105.51,0,25.95,34.6,69.2,23.33
870,106.12,106.12,0,26.1,34.8,69.6,23.37
875,106.73,106.73,0,26.25,35,70,23.52
880,107.33,107.33,0,26.4,35.2,70.4,23.67
885,107.94,107.94,0,26.55,35.4,70.8,23.82
890,108.55,108.55,0,26.7,35.6,71.2,23.97
895,109.15,109.15,0,26.85,35.8,71.6,24.12
900,109.76,109.76,0,27,36,72,24.17
905,110.37,110.37,0,27.15,36.2,72.4,24.32
910,111.02,111.02,0,27.3,36.4,72.8,24.47
915,111.62,111.62,0,27.45,36.6,73.2,24.62
920,112.23,112.23,0,27.6,36.8,73.6,24.77
925,112.84,112.84,0,27.75,37,74,24.92
930,113.44,113.44,0,27.9,37.2,74.4,25.07
935,114.05,114.05,0,28.05,37.4,74.8,25.11
940,114.66,114.66,0,28.2,37.6,75.2,25.26
945,115.26,115.26,0,28.35,37.8,75.6,25.41
950,115.87,115.87,0,28.5,38,76,25.56
955,116.48,116.48,0,28.65,38.2,76.4,25.71
960,117.08,117.08,0,28.8,38.4,76.8,25.86
965,117.69,117.69,0,28.95,38.6,77.2,26.01
970,118.3,118.3,0,29.1,38.8,77.6,26.06
975,118.95,118.95,0,29.25,39,78,26.21
980,119.55,119.55,0,29.4,39.2,78.4,26.36
985,120.16,120.16,0,29.55,39.4,78.8,26.51
990,120.77,120.77,0,29.7,39.6,79.2,26.66
995,121.37,121.37,0,29.85,39.8,79.6,26.81
1000,121.98,121.98,0,30,40,80,26.85
1005,122.59,122.59,0,30.15,40.2,80.4,27
1010,123.19,123.19,0,30.3,40.4,80.8,27.15
1015,123.8,123.8,0,30.45,40.6,81.2,27.3
1020,124.41,124.41,0,30.6,40.8,81.6,27.45
1025,125.01,125.01,0,30.75,41,82,27.6
1030,125.62,125.62,0,30.9,41.2,82.4,27.75
1035,126.23,126.23,0,31.05,41.4,82.8,27.8
1040,126.88,126.88,0,31.2,41.6,83.2,27.95
1045,127.48,127.48,0,31.35,41.8,83.6,28.1
1050,128.09,128.09,0,31.5,42,84,28.25
1055,128.7,128.7,0,31.65,42.2,84.4,28.4
1060,129.3,129.3,0,31.8,42.4,84.8,28.55
1065,129.91,129.91,0,31.95,42.6,85.2,28.7
1070,130.52,130.52,0,32.1,42.8,85.6,28.74
1075,131.12,131.12,0,32.25,43,86,28.89
1080,131.73,131.73,0,32.4,43.2,86.4,29.04
1085,132.34,132.34,0,32.55,43.4,86.8,29.19
1090,132.94,132.94,0,32.7,43.6,87.2,29.34
1095,133.55,133.55,0,32.85,43.8,87.6,29.49
1100,134.16,134.16,0,33,44,88,29.54
1105,134.81,134.81,0,33.15,44.2,88.4,29.69
1110,135.41,135.41,0,33.3,44.4,88.8,29.84
1115,136.02,136.02,0,33.45,44.6,89.2,29.99
1120,136.63,136.63,0,33.6,44.8,89.6,30.14
1125,137.23,137.23,0,33.75,45,90,30.29
1130,137.84,137.84,0,33.9,45.2,90.4,30.44
1135,138.45,138.45,0,34.05,45.4,90.8,30.48
1140,139.05,139.05,0,34.2,45.6,91.2,30.63
1145,139.66,139.66,0,34.35,45.8,91.6,30.78
1150,140.27,140.27,0,34.5,46,92,30.93
1155,140.87,140.87,0,34.65,46.2,92.4,31.08
1160,141.48,141.48,0,34.8,46.4,92.8,31.23
1165,142.09,142.09,0,34.95,46.6,93.2,31.38
1170,142.95,142.95,0,35.1,46.8,93.6,31.43
1175,143.91,143.91,0,35.25,47,94,31.58
1180,144.86,144.86,0,35.4,47.2,94.4,31.73
1185,145.81,145.81,0,35.55,47.4,94.8,31.88
1190,146.81,146.81,0,35.7,47.6,95.2,32.03
1195,147.76,147.76,0,35.85,47.8,95.6,32.18
1200,148.72,148.72,0,36,48,96,32.22
1205,149.67,149.67,0,36.15,48.2,96.4,32.37
1210,150.62,150.62,0,36.3,48.4,96.8,32.52
1215,151.58,151.58,0,36.45,48.6,97.2,32.67
1220,152.53,152.53,0,36.6,48.8,97.6,32.82
1225,153.53,153.53,0,36.75,49,98,32.97
1230,154.48,154.48,0,36.9,49.2,98.4,33.12
1235,155.43,155.43,0,37.05,49.4,98.8,33.17
1240,156.39,156.39,0,37.2,49.6,99.2,33.32
1245,157.34,157.34,0,37.35,49.8,99.6,33.47
1250,158.29,158.29,0,37.5,50,100,33.62
1255,159.29,159.29,0,37.65,50.2,100.4,33.77
1260,160.24,160.24,0,37.8,50.4,100.8,33.92
1265,161.2,161.2,0,37.95,50.6,101.2,34.07
1270,162.15,162.15,0,38.1,50.8,101.6,34.11
1275,163.1,163.1,0,38.25,51,102,34.26
1280,164.06,164.06,0,38.4,51.2,102.4,34.41
1285,165.01,165.01,0,38.55,51.4,102.8,34.56
1290,166.01,166.01,0,38.7,51.6,103.2,34.71
1295,166.96,166.96,0,38.85,51.8,103.6,34.86
1300,167.91,167.91,0,39,52,104,34.91
1305,168.87,168.87,0,39.15,52.2,104.4,35.06
1310,169.82,169.82,0,39.3,52.4,104.8,35.21
1315,170.77,170.77,0,39.45,52.6,105.2,35.36
1320,171.77,171.77,0,39.6,52.8,105.6,35.51
1325,172.72,172.72,0,39.75,53,106,35.66
1330,173.68,173.68,0,39.9,53.2,106.4,35.81
1335,174.63,174.63,0,40.05,53.4,106.8,35.85
1340,175.58,175.58,0,40.2,53.6,107.2,36
1345,176.54,176.54,0,40.35,53.8,107.6,36.15
1350,177.49,177.49,0,40.5,54,108,36.3
1355,178.49,178.49,0,40.65,54.2,108.4,36.45
1360,179.44,179.44,0,40.8,54.4,108.8,36.6
1365,180.39,180.39,0,40.95,54.6,109.2,36.75
1370,181.35,181.35,0,41.1,54.8,109.6,36.8
1375,182.3,182.3,0,41.25,55,110,36.95
1380,183.25,183.25,0,41.4,55.2,110.4,37.1
1385,184.25,184.25,0,41.55,55.4,110.8,37.25
1390,185.2,185.2,0,41.7,55.6,111.2,37.4
1395,186.16,186.16,0,41.85,55.8,111.6,37.55
1400,187.11,187.11,0,42,56,112,37.59
1405,188.06,188.06,0,42.15,56.2,112.4,37.74
1410,189.02,189.02,0,42.3,56.4,112.8,37.89
1415,189.97,189.97,0,42.45,56.6,113.2,38.04
1420,190.97,190.97,0,42.6,56.8,113.6,38.19
1425,191.92,191.92,0,42.75,57,114,38.34
1430,192.87,192.87,0,42.9,57.2,114.4,38.49
1435,193.83,193.83,0,43.05,57.4,114.8,38.54
1440,194.78,194.78,0,43.2,57.6,115.2,38.69
1445,195.73,195.73,0,43.35,57.8,115.6,38.84
1450,196.73,196.73,0,43.5,58,116,38.99
1455,197.68,197.68,0,43.65,58.2,116.4,39.14
1460,198.64,198.64,0,43.8,58.4,116.8,39.29
1465,199.59,199.59,0,43.95,58.6,117.2,39.44
1470,200.54,200.54,0,44.1,58.8,117.6,39.48
1475,201.5,201.5,0,44.25,59,118,39.63
1480,202.45,202.45,0,44.4,59.2,118.4,39.78
1485,203.45,203.45,0,44.55,59.4,118.8,39.93
1490,204.4,204.4,0,44.7,59.6,119.2,40.08
1495,205.35,205.35,0,44.85,59.8,119.6,40.23
1500,206.31,206.31,0,45,60,120,40.28
1505,207.26,207.26,0,45.15,60.2,120.4,40.43
1510,208.21,208.21,0,45.3,60.4,120.8,40.58
1515,209.21,209.21,0,45.45,60.6,121.2,40.73
1520,210.16,210.16,0,45.6,60.8,121.6,40.88
1525,211.12,211.12,0,45.75,61,122,41.03
1530,212.07,212.07,0,45.9,61.2,122.4,41.18
1535,213.02,213.02,0,46.05,61.4,122.8,41.22
1540,213.98,213.98,0,46.2,61.6,123.2,41.37
1545,214.93,214.93,0,46.35,61.8,123.6,41.52
1550,215.93,215.93,0,46.5,62,124,41.67
1555,216.88,216.88,0,46.65,62.2,124.4,41.82
1560,217.83,217.83,0,46.8,62.4,124.8,41.97
1565,218.79,218.79,0,46.95,62.6,125.2,42.12
1570,219.74,219.74,0,47.1,62.8,125.6,42.17
1575,220.69,220.69,0,47.25,63,126,42.32
1580,221.69,221.69,0,47.4,63.2,126.4,42.47
1585,222.64,222.64,0,47.55,63.4,126.8,42.62
1590,223.6,223.6,0,47.7,63.6,127.2,42.77
1595,224.55,224.55,0.56,47.85,63.8,127.6,42.92
1600,225.5,225.5,1.16,48,64,128,42.96
1605,226.46,226.46,1.76,48.15,64.2,128.4,43.11
1610,227.41,227.41,2.36,48.3,64.4,128.8,43.26
1615,228.41,228.41,2.96,48.45,64.6,129.2,43.41
1620,229.36,229.36,3.56,48.6,64.8,129.6,43.56
1625,230.31,230.31,4.16,48.75,65,130,43.71
1630,231.27,231.27,4.76,48.9,65.2,130.4,43.86
1635,232.22,232.22,5.36,49.05,65.4,130.8,43.91
1640,233.17,233.17,5.96,49.2,65.6,131.2,44.06
1645,234.17,234.17,6.56,49.35,65.8,131.6,44.21
1650,235.12,235.12,7.16,49.5,66,132,44.36
1655,236.08,236.08,7.76,49.65,66.2,132.4,44.51
1660,237.03,237.03,8.36,49.8,66.4,132.8,44.66
1665,237.98,237.98,8.96,49.95,66.6,133.2,44.81
1670,238.94,238.94,9.56,50.1,66.8,133.6,44.85
1675,239.89,239.89,10.16,50.25,67,134,45
1680,240.89,240.89,10.76,50.4,67.2,134.4,45.15
1685,241.84,241.84,11.36,50.55,67.4,134.8,45.3
1690,242.79,242.79,11.96,50.7,67.6,135.2,45.45
1695,243.75,243.75,12.56,50.85,67.8,135.6,45.6
1700,244.7,244.7,13.16,51,68,136,45.65
1705,245.65,245.65,13.76,51.15,68.2,136.4,45.8
1710,246.65,246.65,14.36,51.3,68.4,136.8,45.95
1715,247.6,247.6,14.96,51.45,68.6,137.2,46.1
1720,248.56,248.56,15.56,51.6,68.8,137.6,46.25
1725,249.51,249.51,16.16,51.75,69,138,46.4
1730,250.46,250.46,16.76,51.9,69.2,138.4,46.55
1735,251.42,251.42,17.36,52.05,69.4,138.8,46.59
1740,252.37,252.37,17.96,52.2,69.6,139.2,46.74
1745,253.37,253.37,18.56,52.35,69.8,139.6,46.89
1750,254.32,254.32,19.16,52.5,70,140,47.04
1755,255.27,255.27,19.76,52.65,70.2,140.4,47.19
1760,256.23,256.23,20.36,52.8,70.4,140.8,47.34
1765,257.18,257.18,20.96,52.95,70.6,141.2,47.49
1770,258.13,258.13,21.56,53.1,70.8,141.6,47.54
1775,259.13,259.13,22.16,53.25,71,142,47.69
1780,260.08,260.08,22.76,53.4,71.2,142.4,47.84
1785,261.04,261.04,23.36,53.55,71.4,142.8,47.99
1790,261.99,261.99,23.96,53.7,71.6,143.2,48.14
1795,262.94,262.94,24.56,53.85,71.8,143.6,48.29
1800,263.9,263.9,25.16,54,72,144,48.33
1805,264.85,264.85,25.76,54.15,72.2,144.4,48.48
1810,265.85,265.85,26.36,54.3,72.4,144.8,48.63
1815,266.8,266.8,26.96,54.45,72.6,145.2,48.78
1820,267.75,267.75,27.56,54.6,72.8,145.6,48.93
1825,268.71,268.71,28.16,54.75,73,146,49.08
1830,269.66,269.66,28.76,54.9,73.2,146.4,49.23
1835,270.61,270.61,29.36,55.05,73.4,146.8,49.28
1840,271.61,271.61,29.96,55.2,73.6,147.2,49.43
1845,272.56,272.56,30.56,55.35,73.8,147.6,49.58
1850,273.52,273.52,31.16,55.5,74,148,49.73
1855,274.47,274.47,31.76,55.65,74.2,148.4,49.88
1860,275.42,275.42,32.36,55.8,74.4,148.8,50.03
1865,276.38,276.38,32.96,55.95,74.6,149.2,50.18
1870,277.33,277.33,33.56,56.1,74.8,149.6,50.22
1875,278.33,278.33,34.16,56.25,75,150,50.37
1880,279.28,279.28,34.76,56.4,75.2,150.4,50.52
1885,280.23,280.23,35.36,56.55,75.4,150.8,50.67
1890,281.19,281.19,35.96,56.7,75.6,151.2,50.82
1895,282.14,282.14,36.56,56.85,75.8,151.6,50.97
1900,283.09,283.09,37.16,57,76,152,51.02
1905,284.09,284.09,37.76,57.15,76.2,152.4,51.17
1910,285.04,285.04,38.36,57.3,76.4,152.8,51.32
1915,286,286,38.96,57.45,76.6,153.2,51.47
1920,286.95,286.95,39.56,57.6,76.8,153.6,51.62
1925,287.9,287.9,40.16,57.75,77,154,51.77
1930,288.86,288.86,40.76,57.9,77.2,154.4,51.92
1935,289.81,289.81,41.36,58.05,77.4,154.8,51.96
1940,290.81,290.81,41.96,58.2,77.6,155.2,52.11
1945,291.76,291.76,42.56,58.35,77.8,155.6,52.26
1950,292.71,292.71,43.16,58.5,78,156,52.41
1955,293.67,293.67,43.76,58.65,78.2,156.4,52.56
1960,294.62,294.62,44.36,58.8,78.4,156.8,52.71
1965,295.57,295.57,44.96,58.95,78.6,157.2,52.86
1970,296.57,296.57,45.56,59.1,78.8,157.6,52.91
1975,297.52,297.52,46.16,59.25,79,158,53.06
1980,298.48,298.48,46.76,59.4,79.2,158.4,53.21
1985,299.43,299.43,47.36,59.55,79.4,158.8,53.36
1990,300.38,300.38,47.96,59.7,79.6,159.2,53.51
1995,301.34,301.34,48.56,59.85,79.8,159.6,53.66
2000,302.29,258.96,49.16,60,80,160,53.7
2005,303.29,259.95,49.76,60.15,80.2,160.4,53.85
2010,304.24,260.91,50.36,60.3,80.4,160.8,54
2015,305.19,261.86,50.96,60.45,80.6,161.2,54.15
2020,306.15,262.81,51.56,60.6,80.8,161.6,54.3
2025,307.1,263.77,52.16,60.75,81,162,54.45
2030,308.05,264.72,52.76,60.9,81.2,162.4,54.6
2035,309.05,265.72,53.36,61.05,81.4,162.8,54.65
2040,310,266.67,53.96,61.2,81.6,163.2,54.8
2045,310.96,267.62,54.56,61.35,81.8,163.6,54.95
2050,311.91,268.58,55.16,61.5,82,164,55.1
2055,312.86,269.53,55.76,61.65,82.2,164.4,55.25
2060,313.82,270.48,56.36,61.8,82.4,164.8,55.4
2065,314.77,271.44,56.96,61.95,82.6,165.2,55.55
2070,315.77,272.43,57.56,62.1,82.8,165.6,55.59
2075,316.72,273.39,58.16,62.25,83,166,55.74
2080,317.67,274.34,58.76,62.4,83.2,166.4,55.89
2085,318.63,275.29,59.36,62.55,83.4,166.8,56.04
2090,319.58,276.25,59.96,62.7,83.6,167.2,56.19
2095,320.53,277.2,60.56,62.85,83.8,167.6,56.34
2100,321.53,278.2,61.16,63,84,168,56.39
2105,322.48,279.15,61.76,63.15,84.2,168.4,56.54
2110,323.44,280.1,62.36,63.3,84.4,168.8,56.69
2115,324.39,281.06,62.96,63.45,84.6,169.2,56.84
2120,325.34,282.01,63.56,63.6,84.8,169.6,56.99
2125,326.3,282.96,64.16,63.75,85,170,57.14
2130,327.25,283.92,64.76,63.9,85.2,170.4,57.29
2135,328.25,284.91,65.36,64.05,85.4,170.8,57.33
2140,329.2,285.87,65.96,64.2,85.6,171.2,57.48
2145,330.15,286.82,66.56,64.35,85.8,171.6,57.63
2150,331.11,287.77,67.16,64.5,86,172,57.78
2155,332.06,288.73,67.76,64.65,86.2,172.4,57.93
2160,333.01,289.68,68.36,64.8,86.4,172.8,58.08
2165,334.01,290.68,68.96,64.95,86.6,173.2,58.23
2170,334.96,291.63,69.56,65.1,86.8,173.6,58.28
2175,335.92,292.58,70.16,65.25,87,174,58.43
2180,336.87,293.54,70.76,65.4,87.2,174.4,58.58
2185,337.82,294.49,71.36,65.55,87.4,174.8,58.73
2190,338.78,295.44,71.96,65.7,87.6,175.2,58.88
2195,339.73,296.4,72.56,65.85,87.8,175.6,59.03
2200,340.73,297.39,73.16,66,88,176,59.07
2205,341.68,298.35,73.76,66.15,88.2,176.4,59.22
2210,342.63,299.3,74.36,66.3,88.4,176.8,59.37
2215,343.59,300.25,74.96,66.45,88.6,177.2,59.52
2220,344.54,301.21,75.56,66.6,88.8,177.6,59.67
2225,345.49,302.16,76.16,66.75,89,178,59.82
2230,346.49,303.16,76.76,66.9,89.2,178.4,59.97
2235,347.44,304.11,77.36,67.05,89.4,178.8,60.02
2240,348.4,305.06,77.96,67.2,89.6,179.2,60.17
2245,349.35,306.02,78.56,67.35,89.8,179.6,60.32
2250,350.3,306.97,79.16,67.5,90,180,60.47
2255,351.26,307.92,79.76,67.65,90.2,180.4,60.62
2260,352.21,308.88,80.36,67.8,90.4,180.8,60.77
2265,353.21,309.87,80.96,67.95,90.6,181.2,60.92
2270,354.16,310.83,81.56,68.1,90.8,181.6,60.96
2275,355.11,311.78,82.16,68.25,91,182,61.11
2280,356.07,312.73,82.76,68.4,91.2,182.4,61.26
2285,357.02,313.69,83.36,68.55,91.4,182.8,61.41
2290,357.97,314.64,83.96,68.7,91.6,183.2,61.56
2295,358.97,315.64,84.56,68.85,91.8,183.6,61.71
2300,359.92,316.59,85.16,69,92,184,61.76
2305,360.88,317.54,85.76,69.15,92.2,184.4,61.91
2310,361.83,318.5,86.36,69.3,92.4,184.8,62.06
2315,362.78,319.45,86.96,69.45,92.6,185.2,62.21
2320,363.74,320.4,87.56,69.6,92.8,185.6,62.36
2325,364.69,321.36,88.16,69.75,93,186,62.51
2330,365.69,322.35,88.76,69.9,93.2,186.4,62.66
2335,366.64,323.31,89.36,70.05,93.4,186.8,62.7
2340,367.59,324.26,89.96,70.2,93.6,187.2,62.85
2345,368.55,325.21,90.56,70.35,93.8,187.6,63
2350,369.5,326.17,91.16,70.5,94,188,63.15
2355,370.45,327.12,91.76,70.65,94.2,188.4,63.3
2360,371.45,328.12,92.36,70.8,94.4,188.8,63.45
2365,372.4,329.07,92.96,70.95,94.6,189.2,63.6
2370,373.36,330.02,93.56,71.1,94.8,189.6,63.65
2375,374.31,330.98,94.16,71.25,95,190,63.8
2380,375.26,331.93,94.76,71.4,95.2,190.4,63.95
2385,376.22,332.88,95.36,71.55,95.4,190.8,64.1
2390,377.17,333.84,95.96,71.7,95.6,191.2,64.25
2395,378.17,334.83,96.56,71.85,95.8,191.6,64.4
2400,379.12,335.79,97.16,72,96,192,64.44
2405,380.07,336.74,97.76,72.15,96.2,192.4,64.59
2410,381.03,337.69,98.36,72.3,96.4,192.8,64.74
2415,381.98,338.65,98.96,72.45,96.6,193.2,64.89
2420,382.93,339.6,99.56,72.6,96.8,193.6,65.04
2425,383.93,340.6,100.16,72.75,97,194,65.19
2430,384.88,341.55,100.76,72.9,97.2,194.4,65.34
2435,385.84,342.5,101.36,73.05,97.4,194.8,65.39
2440,386.79,343.46,101.96,73.2,97.6,195.2,65.54
2445,387.74,344.41,102.56,73.35,97.8,195.6,65.69
2450,388.7,345.36,103.16,73.5,98,196,65.84
2455,389.65,346.32,103.76,73.65,98.2,196.4,65.99
2460,390.65,347.31,104.36,73.8,98.4,196.8,66.14
2465,391.6,348.27,104.96,73.95,98.6,197.2,66.29
2470,392.55,349.22,105.56,74.1,98.8,197.6,66.33
2475,393.51,350.17,106.16,74.25,99,198,66.48
2480,394.46,351.13,106.76,74.4,99.2,198.4,66.63
2485,395.41,352.08,107.36,74.55,99.4,198.8,66.78
2490,396.41,353.08,107.96,74.7,99.6,199.2,66.93
2495,397.36,354.03,108.56,74.85,99.8,199.6,67.08
2500,398.32,354.98,109.16,75,100,200,67.13
2505,399.27,355.94,109.76,75.15,100.2,200.4,67.28
2510,400.22,356.89,110.36,75.3,100.4,200.8,67.43
2515,401.18,357.84,110.96,75.45,100.6,201.2,67.58
2520,402.13,358.8,111.56,75.6,100.8,201.6,67.73
2525,403.13,359.79,112.16,75.75,101,202,67.88
2530,404.08,360.75,112.76,75.9,101.2,202.4,68.03
2535,405.03,361.7,113.36,76.05,101.4,202.8,68.07
2540,405.99,362.65,113.96,76.2,101.6,203.2,68.22
2545,406.94,363.61,114.56,76.35,101.8,203.6,68.37
2550,407.89,364.56,115.16,76.5,102,204,68.52
2555,408.89,365.56,115.76,76.65,102.2,204.4,68.67
2560,409.84,366.51,116.36,76.8,102.4,204.8,68.82
2565,410.8,367.46,116.96,76.95,102.6,205.2,68.97
2570,411.75,368.42,117.56,77.1,102.8,205.6,69.02
2575,412.7,369.37,118.16,77.25,103,206,69.17
2580,413.66,370.32,118.76,77.4,103.2,206.4,69.32
2585,414.61,371.28,119.36,77.55,103.4,206.8,69.47
2590,415.61,372.27,119.96,77.7,103.6,207.2,69.62
2595,416.56,373.23,120.56,77.85,103.8,207.6,69.77
2600,417.51,374.18,121.16,78,104,208,69.81
2605,418.47,375.13,121.76,78.15,104.2,208.4,69.96
2610,419.42,376.09,122.36,78.3,104.4,208.8,70.11
2615,420.37,377.04,122.96,78.45,104.6,209.2,70.26
2620,421.37,378.04,123.56,78.6,104.8,209.6,70.41
2625,422.32,378.99,124.16,78.75,105,210,70.56
2630,423.28,379.94,124.76,78.9,105.2,210.4,70.71
2635,424.23,380.9,125.36,79.05,105.4,210.8,70.76
2640,425.18,381.85,125.96,79.2,105.6,211.2,70.91
2645,426.14,382.8,126.56,79.35,105.8,211.6,71.06
2650,427.09,383.76,127.16,79.5,106,212,71.21
2655,428.09,384.75,127.76,79.65,106.2,212.4,71.36
2660,429.04,385.71,128.36,79.8,106.4,212.8,71.51
2665,429.99,386.66,128.96,79.95,106.6,213.2,71.66
2670,430.95,387.61,129.56,80.1,106.8,213.6,71.7
2675,431.9,388.57,130.16,80.25,107,214,71.85
2680,432.85,389.52,130.76,80.4,107.2,214.4,72
2685,433.85,390.52,131.36,80.55,107.4,214.8,72.15
2690,434.8,391.47,131.96,80.7,107.6,215.2,72.3
2695,435.76,392.42,132.56,80.85,107.8,215.6,72.45
2700,436.71,393.38,133.16,81,108,216,72.5
2705,437.66,394.33,133.76,81.15,108.2,216.4,72.65
2710,438.62,395.28,134.36,81.3,108.4,216.8,72.8
2715,439.57,396.24,134.96,81.45,108.6,217.2,72.95
2720,440.57,397.23,135.56,81.6,108.8,217.6,73.1
2725,441.52,398.19,136.16,81.75,109,218,73.25
2730,442.47,399.14,136.76,81.9,109.2,218.4,73.4
2735,443.43,400.09,137.36,82.05,109.4,218.8,73.44
2740,444.38,401.05,137.96,82.2,109.6,219.2,73.59
2745,445.33,402,138.56,82.35,109.8,219.6,73.74
2750,446.33,403,139.16,82.5,110,220,73.89
2755,447.28,403.95,139.76,82.65,110.2,220.4,74.04
2760,448.24,404.9,140.36,82.8,110.4,220.8,74.19
2765,449.19,405.86,140.96,82.95,110.6,221.2,74.34
2770,450.14,406.81,141.56,83.1,110.8,221.6,74.39
2775,451.1,407.76,142.16,83.25,111,222,74.54
2780,452.05,408.72,142.76,83.4,111.2,222.4,74.69
2785,453.05,409.71,143.36,83.55,111.4,222.8,74.84
2790,454,410.67,143.96,83.7,111.6,223.2,74.99
2795,454.95,411.62,144.56,83.85,111.8,223.6,75.14
2800,455.91,412.57,145.16,84,112,224,75.18
2805,456.86,413.53,145.76,84.15,112.2,224.4,75.33
2810,457.81,414.48,146.36,84.3,112.4,224.8,75.48
2815,458.81,415.48,146.96,84.45,112.6,225.2,75.63
2820,459.76,416.43,147.56,84.6,112.8,225.6,75.78
2825,460.72,417.38,148.16,84.75,113,226,75.93
2830,461.67,418.34,148.76,84.9,113.2,226.4,76.08
2835,462.62,419.29,149.36,85.05,113.4,226.8,76.13
2840,463.58,420.24,149.96,85.2,113.6,227.2,76.28
2845,464.53,421.2,150.56,85.35,113.8,227.6,76.43
2850,465.53,422.19,151.16,85.5,114,228,76.58
2855,466.48,423.15,151.76,85.65,114.2,228.4,76.73
2860,467.43,424.1,152.36,85.8,114.4,228.8,76.88
2865,468.39,425.05,152.96,85.95,114.6,229.2,77.03
2870,469.34,426.01,153.56,86.1,114.8,229.6,77.07
2875,470.29,426.96,154.16,86.25,115,230,77.22
2880,471.29,427.96,154.76,86.4,115.2,230.4,77.37
2885,472.24,428.91,155.36,86.55,115.4,230.8,77.52
2890,473.2,429.86,155.96,86.7,115.6,231.2,77.67
2895,474.15,430.82,156.56,86.85,115.8,231.6,77.82
2900,475.1,431.77,157.16,87,116,232,77.87
2905,476.06,432.72,157.76,87.15,116.2,232.4,78.02
2910,477.01,433.68,158.36,87.3,116.4,232.8,78.17
2915,478.01,434.67,158.96,87.45,116.6,233.2,78.32
2920,478.96,435.63,159.56,87.6,116.8,233.6,78.47
2925,479.91,436.58,160.16,87.75,117,234,78.62
2930,480.87,437.53,160.76,87.9,117.2,234.4,78.77
2935,481.82,438.49,161.36,88.05,117.4,234.8,78.81
2940,482.77,439.44,161.96,88.2,117.6,235.2,78.96
2945,483.77,440.44,162.56,88.35,117.8,235.6,79.11
2950,484.72,441.39,163.16,88.5,118,236,79.26
2955,485.68,442.34,163.76,88.65,118.2,236.4,79.41
2960,486.63,443.3,164.36,88.8,118.4,236.8,79.56
2965,487.58,444.25,164.96,88.95,118.6,237.2,79.71
2970,488.54,445.2,165.56,89.1,118.8,237.6,79.76
2975,489.49,446.16,166.16,89.25,119,238,79.91
2980,490.49,447.15,166.76,89.4,119.2,238.4,80.06
2985,491.44,448.11,167.36,89.55,119.4,238.8,80.21
2990,492.39,449.06,167.96,89.7,119.6,239.2,80.36
2995,493.35,450.01,168.56,89.85,119.8,239.6,80.51
3000,494.3,450.97,169.16,90,120,240,80.55
3005,495.25,451.92,169.76,90.15,120.2,240.4,80.7
3010,496.25,452.92,170.36,90.3,120.4,240.8,80.85
3015,497.2,453.87,170.96,90.45,120.6,241.2,81
3020,498.16,454.82,171.56,90.6,120.8,241.6,81.15
3025,499.11,455.78,172.16,90.75,121,242,81.3
3030,500.06,456.73,172.76,90.9,121.2,242.4,81.45
3035,501.02,457.68,173.36,91.05,121.4,242.8,81.5
3040,501.97,458.64,173.96,91.2,121.6,243.2,81.65
3045,502.97,459.63,174.56,91.35,121.8,243.6,81.8
3050,503.92,460.59,175.16,91.5,122,244,81.95
3055,504.87,461.54,175.76,91.65,122.2,244.4,82.1
3060,505.83,462.49,176.36,91.8,122.4,244.8,82.25
3065,506.78,463.45,176.96,91.95,122.6,245.2,82.4
3070,507.73,464.4,177.56,92.1,122.8,245.6,82.44
3075,508.73,465.4,178.16,92.25,123,246,82.59
3080,509.68,466.35,178.76,92.4,123.2,246.4,82.74
3085,510.64,467.3,179.36,92.55,123.4,246.8,82.89
3090,511.59,468.26,179.96,92.7,123.6,247.2,83.04
3095,512.54,469.21,180.56,92.85,123.8,247.6,83.19
3100,513.5,470.16,181.16,93,124,248,83.24
3105,514.45,471.12,181.76,93.15,124.2,248.4,83.39
3110,515.45,472.11,182.36,93.3,124.4,248.8,83.54
3115,516.4,473.07,182.96,93.45,124.6,249.2,83.69
3120,517.35,474.02,183.56,93.6,124.8,249.6,83.84
3125,518.31,474.97,184.16,93.75,125,250,83.99
3130,519.26,475.93,184.76,93.9,125.2,250.4,84.14
3135,520.21,476.88,185.36,94.05,125.4,250.8,84.18
3140,521.21,477.88,185.96,94.2,125.6,251.2,84.33
3145,522.16,478.83,186.56,94.35,125.8,251.6,84.48
3150,523.12,479.78,187.16,94.5,126,252,84.63
3155,524.07,480.74,187.76,94.65,126.2,252.4,84.78
3160,525.02,481.69,188.36,94.8,126.4,252.8,84.93
3165,525.98,482.64,188.96,94.95,126.6,253.2,85.08
3170,526.93,483.6,189.56,95.1,126.8,253.6,85.13
3175,527.93,484.59,190.16,95.25,127,254,85.28
3180,528.88,485.55,190.76,95.4,127.2,254.4,85.43
3185,529.83,486.5,191.36,95.55,127.4,254.8,85.58
3190,530.79,487.45,191.96,95.7,127.6,255.2,85.73
3195,531.74,488.41,192.56,95.85,127.8,255.6,85.88
3200,532.69,489.36,193.16,96,128,256,85.92
3205,533.69,490.36,193.76,96.15,128.2,256.4,86.07
3210,534.64,491.31,194.36,96.3,128.4,256.8,86.22
3215,535.6,492.26,194.96,96.45,128.6,257.2,86.37
3220,536.55,493.22,195.56,96.6,128.8,257.6,86.52
3225,537.5,494.17,196.16,96.75,129,258,86.67
3230,538.46,495.12,196.76,96.9,129.2,258.4,86.82
3235,539.41,496.08,197.36,97.05,129.4,258.8,86.87
3240,540.41,497.07,197.96,97.2,129.6,259.2,87.02
3245,541.36,498.03,198.56,97.35,129.8,259.6,87.17
3250,542.31,498.98,199.16,97.5,130,260,87.32
3255,543.27,499.93,199.76,97.65,130.2,260.4,87.47
3260,544.22,500.89,200.36,97.8,130.4,260.8,87.62
3265,545.17,501.84,200.96,97.95,130.6,261.2,87.77
3270,546.17,502.84,201.56,98.1,130.8,261.6,87.81
3275,547.12,503.79,202.16,98.25,131,262,87.96
3280,548.08,504.74,202.76,98.4,131.2,262.4,88.11
3285,549.03,505.7,203.36,98.55,131.4,262.8,88.26
3290,549.98,506.65,203.96,98.7,131.6,263.2,88.41
3295,550.94,507.6,204.56,98.85,131.8,263.6,88.56
3300,551.89,508.56,205.16,99,132,264,88.61
3305,552.89,509.55,205.76,99.15,132.2,264.4,88.76
3310,553.84,510.51,206.36,99.3,132.4,264.8,88.91
3315,554.79,511.46,206.96,99.45,132.6,265.2,89.06
3320,555.75,512.41,207.56,99.6,132.8,265.6,89.21
3325,556.7,513.37,208.16,99.75,133,266,89.36
3330,557.65,514.32,208.76,99.9,133.2,266.4,89.51
3335,558.65,515.32,209.36,100.05,133.4,266.8,89.55
3340,559.6,516.27,209.96,100.2,133.6,267.2,89.7
3345,560.56,517.22,210.56,100.35,133.8,267.6,89.85
3350,561.51,518.18,211.16,100.5,134,268,90
3355,562.46,519.13,211.76,100.65,134.2,268.4,90.15
3360,563.42,520.08,212.36,100.8,134.4,268.8,90.3
3365,564.37,521.04,212.96,100.95,134.6,269.2,90.45
3370,565.37,522.03,213.56,101.1,134.8,269.6,90.5
3375,566.32,522.99,214.16,101.25,135,270,90.65
3380,567.27,523.94,214.76,101.4,135.2,270.4,90.8
3385,568.23,524.89,215.36,101.55,135.4,270.8,90.95
3390,569.18,525.85,215.96,101.7,135.6,271.2,91.1
3395,570.13,526.8,216.56,101.85,135.8,271.6,91.25
3400,571.13,527.8,217.16,102,136,272,91.29
3405,572.08,528.75,217.76,102.15,136.2,272.4,91.44
3410,573.04,529.7,218.36,102.3,136.4,272.8,91.59
3415,573.99,530.66,218.96,102.45,136.6,273.2,91.74
3420,574.94,531.61,219.56,102.6,136.8,273.6,91.89
3425,575.9,532.56,220.16,102.75,137,274,92.04
3430,576.85,533.52,220.76,102.9,137.2,274.4,92.19
3435,577.85,534.51,221.36,103.05,137.4,274.8,92.24
3440,578.8,535.47,221.96,103.2,137.6,275.2,92.39
3445,579.75,536.42,222.56,103.35,137.8,275.6,92.54
3450,580.71,537.37,223.16,103.5,138,276,92.69
3455,581.66,538.33,223.76,103.65,138.2,276.4,92.84
3460,582.61,539.28,224.36,103.8,138.4,276.8,92.99
3465,583.61,540.28,224.96,103.95,138.6,277.2,93.14
3470,584.56,541.23,225.56,104.1,138.8,277.6,93.18
3475,585.52,542.18,226.16,104.25,139,278,93.33
3480,586.47,543.14,226.76,104.4,139.2,278.4,93.48
3485,587.42,544.09,227.36,104.55,139.4,278.8,93.63
3490,588.38,545.04,227.96,104.7,139.6,279.2,93.78
3495,589.33,546,228.56,104.85,139.8,279.6,93.93
3500,590.33,546.99,229.16,105,140,280,93.98
3505,591.28,547.95,229.76,105.15,140.2,280.4,94.13
3510,592.23,548.9,230.36,105.3,140.4,280.8,94.28
3515,593.19,549.85,230.96,105.45,140.6,281.2,94.43
3520,594.14,550.81,231.56,105.6,140.8,281.6,94.58
3525,595.09,551.76,232.16,105.75,141,282,94.73
3530,596.09,552.76,232.76,105.9,141.2,282.4,94.88
3535,597.04,553.71,233.36,106.05,141.4,282.8,94.92
3540,598,554.66,233.96,106.2,141.6,283.2,95.07
3545,598.95,555.62,234.56,106.35,141.8,283.6,95.22
3550,599.9,556.57,235.16,106.5,142,284,95.37
3555,600.86,557.52,235.76,106.65,142.2,284.4,95.52
3560,601.81,558.48,236.36,106.8,142.4,284.8,95.67
3565,602.81,559.47,236.96,106.95,142.6,285.2,95.82
3570,603.76,560.43,237.56,107.1,142.8,285.6,95.87
3575,604.71,561.38,238.16,107.25,143,286,96.02
3580,605.67,562.33,238.76,107.4,143.2,286.4,96.17
3585,606.62,563.29,239.36,107.55,143.4,286.8,96.32
3590,607.57,564.24,239.96,107.7,143.6,287.2,96.47
3595,608.57,565.24,240.56,107.85,143.8,287.6,96.62
3600,609.52,566.19,241.16,108,144,288,96.66
3605,610.48,567.14,241.76,108.15,144.2,288.4,96.81
3610,611.43,568.1,242.36,108.3,144.4,288.8,96.96
3615,612.38,569.05,242.96,108.45,144.6,289.2,97.11
3620,613.34,570,243.56,108.6,144.8,289.6,97.26
3625,614.29,570.96,244.16,108.75,145,290,97.41
3630,615.29,571.95,244.76,108.9,145.2,290.4,97.56
3635,616.24,572.91,245.36,109.05,145.4,290.8,97.61
3640,617.19,573.86,245.96,109.2,145.6,291.2,97.76
3645,618.15,574.81,246.56,109.35,145.8,291.6,97.91
3650,619.1,575.77,247.16,109.5,146,292,98.06
3655,620.05,576.72,247.76,109.65,146.2,292.4,98.21
3660,621.05,577.72,248.36,109.8,146.4,292.8,98.36
3665,622,578.67,248.96,109.95,146.6,293.2,98.51
3670,622.96,580.06,249.56,110.1,146.8,293.6,98.55
3675,623.91,581.66,250.16,110.25,147,294,98.7
3680,624.86,583.26,250.76,110.4,147.2,294.4,98.85
3685,625.82,584.87,251.36,110.55,147.4,294.8,99
3690,626.77,586.47,251.96,110.7,147.6,295.2,99.15
3695,627.77,588.12,252.56,110.85,147.8,295.6,99.3
3700,628.72,589.72,253.16,111,148,296,99.35
3705,629.67,591.32,253.76,111.15,148.2,296.4,99.5
3710,630.63,592.93,254.36,111.3,148.4,296.8,99.65
3715,631.58,594.53,254.96,111.45,148.6,297.2,99.8
3720,632.53,596.13,255.56,111.6,148.8,297.6,99.95
3725,633.53,597.78,256.16,111.75,149,298,100.1
3730,634.48,599.38,256.76,111.9,149.2,298.4,100.25
3735,635.44,600.99,257.36,112.05,149.4,298.8,100.29
3740,636.39,602.59,257.96,112.2,149.6,299.2,100.44
3745,637.34,604.19,258.56,112.35,149.8,299.6,100.59
3750,638.3,605.8,259.16,112.5,150,300,100.74
3755,639.25,607.4,259.76,112.65,150.2,300.4,100.89
3760,640.25,609.05,260.36,112.8,150.4,300.8,101.04
3765,641.2,610.65,260.96,112.95,150.6,301.2,101.19
3770,642.15,612.25,261.56,113.1,150.8,301.6,101.24
3775,643.11,613.86,262.16,113.25,151,302,101.39
3780,644.06,615.46,262.76,113.4,151.2,302.4,101.54
3785,645.01,617.06,263.36,113.55,151.4,302.8,101.69
3790,646.01,618.71,263.96,113.7,151.6,303.2,101.84
3795,646.96,620.31,264.56,113.85,151.8,303.6,101.99
3800,647.92,621.92,265.16,114,152,304,102.03
3805,648.87,623.52,265.76,114.15,152.2,304.4,102.18
3810,649.82,625.12,266.36,114.3,152.4,304.8,102.33
3815,650.78,626.73,266.96,114.45,152.6,305.2,102.48
3820,651.73,628.33,267.56,114.6,152.8,305.6,102.63
3825,652.73,629.98,268.16,114.75,153,306,102.78
3830,653.68,631.58,268.76,114.9,153.2,306.4,102.93
3835,654.63,633.18,269.36,115.05,153.4,306.8,102.98
3840,655.59,634.79,269.96,115.2,153.6,307.2,103.13
3845,656.54,636.39,270.56,115.35,153.8,307.6,103.28
3850,657.49,637.99,271.16,115.5,154,308,103.43
3855,658.49,639.64,271.76,115.65,154.2,308.4,103.58
3860,659.44,641.24,272.36,115.8,154.4,308.8,103.73
3865,660.4,642.85,272.96,115.95,154.6,309.2,103.88
3870,661.35,644.45,273.56,116.1,154.8,309.6,103.92
3875,662.3,646.05,274.16,116.25,155,310,104.07
3880,663.26,647.66,274.76,116.4,155.2,310.4,104.22
3885,664.21,649.26,275.36,116.55,155.4,310.8,104.37
3890,665.21,650.91,275.96,116.7,155.6,311.2,104.52
3895,666.16,652.51,276.56,116.85,155.8,311.6,104.67
3900,667.11,654.11,277.16,117,156,312,104.72
3905,668.07,655.72,277.76,117.15,156.2,312.4,104.87
3910,669.02,657.32,278.36,117.3,156.4,312.8,105.02
3915,669.97,658.92,278.96,117.45,156.6,313.2,105.17
3920,670.97,660.57,279.56,117.6,156.8,313.6,105.32
3925,671.92,662.17,280.16,117.75,157,314,105.47
3930,672.88,663.78,280.76,117.9,157.2,314.4,105.62
3935,673.83,665.38,281.36,118.05,157.4,314.8,105.66
3940,674.78,666.98,281.96,118.2,157.6,315.2,105.81
3945,675.74,668.59,282.56,118.35,157.8,315.6,105.96
3950,676.69,670.19,283.16,118.5,158,316,106.11
3955,677.69,671.84,283.76,118.65,158.2,316.4,106.26
3960,678.64,673.44,284.36,118.8,158.4,316.8,106.41
3965,679.59,675.04,284.96,118.95,158.6,317.2,106.56
3970,680.55,676.65,285.56,119.1,158.8,317.6,106.61
3975,681.5,678.25,286.16,119.25,159,318,106.76
3980,682.45,679.85,286.76,119.4,159.2,318.4,106.91
3985,683.45,681.5,287.36,119.55,159.4,318.8,107.06
3990,684.4,683.1,287.96,119.7,159.6,319.2,107.21
3995,685.36,684.71,288.56,119.85,159.8,319.6,107.36
4000,686.31,686.31,289.16,120,160,320,107.4
4005,687.91,687.91,289.76,120.15,160.2,320.4,107.55
4010,689.47,689.47,290.36,120.3,160.4,320.8,107.7
4015,691.08,691.08,290.96,120.45,160.6,321.2,107.85
4020,692.64,692.64,291.56,120.6,160.8,321.6,108
4025,694.24,694.24,292.16,120.75,161,322,108.15
4030,695.8,695.8,292.76,120.9,161.2,322.4,108.3
4035,697.4,697.4,293.36,121.05,161.4,322.8,108.35
4040,699.01,699.01,293.96,121.2,161.6,323.2,108.5
4045,700.57,700.57,294.56,121.35,161.8,323.6,108.65
4050,702.17,702.17,295.16,121.5,162,324,108.8
4055,703.73,703.73,295.76,121.65,162.2,324.4,108.95
4060,705.33,705.33,296.36,121.8,162.4,324.8,109.1
4065,706.89,706.89,296.96,121.95,162.6,325.2,109.25
4070,708.5,708.5,297.56,122.1,162.8,325.6,109.29
4075,710.1,710.1,298.16,122.25,163,326,109.44
4080,711.66,711.66,298.76,122.4,163.2,326.4,109.59
4085,713.26,713.26,299.36,122.55,163.4,326.8,109.74
4090,714.82,714.82,299.96,122.7,163.6,327.2,109.89
4095,716.43,716.43,300.56,122.85,163.8,327.6,110.04
4100,718.03,718.03,301.16,123,164,328,110.09
4105,719.59,719.59,301.76,123.15,164.2,328.4,110.24
4110,721.19,721.19,302.36,123.3,164.4,328.8,110.39
4115,722.75,722.75,302.96,123.45,164.6,329.2,110.54
4120,724.36,724.36,303.56,123.6,164.8,329.6,110.69
4125,725.92,725.92,304.16,123.75,165,330,110.84
4130,727.52,727.52,304.76,123.9,165.2,330.4,110.99
4135,729.12,729.12,305.36,124.05,165.4,330.8,111.03
4140,730.68,730.68,305.96,124.2,165.6,331.2,111.18
4145,732.29,732.29,306.56,124.35,165.8,331.6,111.33
4150,733.85,733.85,307.16,124.5,166,332,111.48
4155,735.45,735.45,307.76,124.65,166.2,332.4,111.63
4160,737.01,737.01,308.36,124.8,166.4,332.8,111.78
4165,738.61,738.61,308.96,124.95,166.6,333.2,111.93
4170,740.22,740.22,309.56,125.1,166.8,333.6,111.98
4175,741.78,741.78,310.16,125.25,167,334,112.13
4180,743.38,743.38,310.76,125.4,167.2,334.4,112.28
4185,744.94,744.94,311.36,125.55,167.4,334.8,112.43
4190,746.54,746.54,311.96,125.7,167.6,335.2,112.58
4195,748.1,748.1,312.56,125.85,167.8,335.6,112.73
4200,749.71,749.71,313.16,126,168,336,112.77
4205,751.31,751.31,313.76,126.15,168.2,336.4,112.92
4210,752.87,752.87,314.36,126.3,168.4,336.8,113.07
4215,754.47,754.47,314.96,126.45,168.6,337.2,113.22
4220,756.03,756.03,315.56,126.6,168.8,337.6,113.37
4225,757.64,757.64,316.16,126.75,169,338,113.52
4230,759.24,759.24,316.76,126.9,169.2,338.4,113.67
4235,760.8,760.8,317.36,127.05,169.4,338.8,113.72
4240,762.4,762.4,317.96,127.2,169.6,339.2,113.87
4245,763.96,763.96,318.56,127.35,169.8,339.6,114.02
4250,765.57,765.57,319.16,127.5,170,340,114.17
4255,767.13,767.13,319.76,127.65,170.2,340.4,114.32
4260,768.73,768.73,320.36,127.8,170.4,340.8,114.47
4265,770.33,770.33,320.96,127.95,170.6,341.2,114.62
4270,771.89,771.89,321.56,128.1,170.8,341.6,114.66
4275,773.5,773.5,322.16,128.25,171,342,114.81
4280,775.06,775.06,322.76,128.4,171.2,342.4,114.96
4285,776.66,776.66,323.36,128.55,171.4,342.8,115.11
4290,778.22,778.22,323.96,128.7,171.6,343.2,115.26
4295,779.82,779.82,324.56,128.85,171.8,343.6,115.41
4300,781.43,781.43,325.16,129,172,344,115.46
4305,782.99,782.99,325.76,129.15,172.2,344.4,115.61
4310,784.59,784.59,326.36,129.3,172.4,344.8,115.76
4315,786.15,786.15,326.96,129.45,172.6,345.2,115.91
4320,787.75,787.75,327.56,129.6,172.8,345.6,116.06
4325,789.31,789.31,328.16,129.75,173,346,116.21
4330,790.92,790.92,328.76,129.9,173.2,346.4,116.36
4335,792.52,792.52,329.36,130.05,173.4,346.8,116.4
4340,794.08,794.08,329.96,130.2,173.6,347.2,116.55
4345,795.68,795.68,330.56,130.35,173.8,347.6,116.7
4350,797.24,797.24,331.16,130.5,174,348,116.85
4355,798.85,798.85,331.76,130.65,174.2,348.4,117
4360,800.45,800.45,332.36,130.8,174.4,348.8,117.15
4365,802.01,802.01,332.96,130.95,174.6,349.2,117.3
4370,803.61,803.61,333.56,131.1,174.8,349.6,117.35
4375,805.17,805.17,334.16,131.25,175,350,117.5
4380,806.78,806.78,334.76,131.4,175.2,350.4,117.65
4385,808.34,808.34,335.36,131.55,175.4,350.8,117.8
4390,809.94,809.94,335.96,131.7,175.6,351.2,117.95
4395,811.54,811.54,336.56,131.85,175.8,351.6,118.1
4400,813.1,813.1,337.16,132,176,352,118.14
4405,814.71,814.71,337.76,132.15,176.2,352.4,118.29
4410,816.27,816.27,338.36,132.3,176.4,352.8,118.44
4415,817.87,817.87,338.96,132.45,176.6,353.2,118.59
4420,819.43,819.43,339.56,132.6,176.8,353.6,118.74
4425,821.03,821.03,340.16,132.75,177,354,118.89
4430,822.64,822.64,340.76,132.9,177.2,354.4,119.04
4435,824.2,824.2,341.36,133.05,177.4,354.8,119.09
4440,825.8,825.8,341.96,133.2,177.6,355.2,119.24
4445,827.36,827.36,342.56,133.35,177.8,355.6,119.39
4450,828.96,828.96,343.16,133.5,178,356,119.54
4455,830.52,830.52,343.76,133.65,178.2,356.4,119.69
4460,832.13,832.13,344.36,133.8,178.4,356.8,119.84
4465,833.73,833.73,344.96,133.95,178.6,357.2,119.99
4470,835.29,835.29,345.56,134.1,178.8,357.6,120.03
4475,836.89,836.89,346.16,134.25,179,358,120.18
4480,838.45,838.45,346.76,134.4,179.2,358.4,120.33
4485,840.06,840.06,347.36,134.55,179.4,358.8,120.48
4490,841.66,841.66,347.96,134.7,179.6,359.2,120.63
4495,843.22,843.22,348.56,134.85,179.8,359.6,120.78
4500,844.82,844.82,349.16,135,180,360,120.83
4505,846.38,846.38,349.76,135.15,180.2,360.4,120.98
4510,847.99,847.99,350.36,135.3,180.4,360.8,121.13
4515,849.55,849.55,350.96,135.45,180.6,361.2,121.28
4520,851.15,851.15,351.56,135.6,180.8,361.6,121.43
4525,852.75,852.75,352.16,135.75,181,362,121.58
4530,854.31,854.31,352.76,135.9,181.2,362.4,121.73
4535,855.92,855.92,353.36,136.05,181.4,362.8,121.77
4540,857.48,857.48,353.96,136.2,181.6,363.2,121.92
4545,859.08,859.08,354.56,136.35,181.8,363.6,122.07
4550,860.64,860.64,355.16,136.5,182,364,122.22
4555,862.24,862.24,355.76,136.65,182.2,364.4,122.37
4560,863.85,863.85,356.36,136.8,182.4,364.8,122.52
4565,865.41,865.41,356.96,136.95,182.6,365.2,122.67
4570,867.01,867.01,357.56,137.1,182.8,365.6,122.72
4575,868.57,868.57,358.16,137.25,183,366,122.87
4580,870.17,870.17,358.76,137.4,183.2,366.4,123.02
4585,871.73,871.73,359.36,137.55,183.4,366.8,123.17
4590,873.34,873.34,359.96,137.7,183.6,367.2,123.32
4595,874.94,874.94,360.56,137.85,183.8,367.6,123.47
4600,876.5,876.5,361.16,138,184,368,123.51
4605,878.1,878.1,361.76,138.15,184.2,368.4,123.66
4610,879.66,879.66,362.36,138.3,184.4,368.8,123.81
4615,881.27,881.27,362.96,138.45,184.6,369.2,123.96
4620,882.87,882.87,363.56,138.6,184.8,369.6,124.11
4625,884.43,884.43,364.16,138.75,185,370,124.26
4630,886.03,886.03,364.76,138.9,185.2,370.4,124.41
4635,887.59,887.59,365.36,139.05,185.4,370.8,124.46
4640,889.2,889.2,365.96,139.2,185.6,371.2,124.61
4645,890.76,890.76,366.56,139.35,185.8,371.6,124.76
4650,892.36,892.36,367.16,139.5,186,372,124.91
4655,893.96,893.96,367.76,139.65,186.2,372.4,125.06
4660,895.52,895.52,368.36,139.8,186.4,372.8,125.21
4665,897.13,897.13,368.96,139.95,186.6,373.2,125.36
4670,898.69,898.69,369.56,140.1,186.8,373.6,125.4
4675,900.29,900.29,370.16,140.25,187,374,125.55
4680,901.85,901.85,370.76,140.4,187.2,374.4,125.7
4685,903.45,903.45,371.36,140.55,187.4,374.8,125.85
4690,905.06,905.06,371.96,140.7,187.6,375.2,126
4695,906.62,906.62,372.56,140.85,187.8,375.6,126.15
4700,908.22,908.22,373.16,141,188,376,126.2
4705,909.78,909.78,373.76,141.15,188.2,376.4,126.35
4710,911.38,911.38,374.36,141.3,188.4,376.8,126.5
4715,912.94,912.94,374.96,141.45,188.6,377.2,126.65
4720,914.55,914.55,375.56,141.6,188.8,377.6,126.8
4725,916.15,916.15,376.16,141.75,189,378,126.95
4730,917.71,917.71,376.76,141.9,189.2,378.4,127.1
4735,919.31,919.31,377.36,142.05,189.4,378.8,127.14
4740,920.87,920.87,377.96,142.2,189.6,379.2,127.29
4745,922.48,922.48,378.56,142.35,189.8,379.6,127.44
4750,924.08,924.08,379.16,142.5,190,380,127.59
4755,925.64,925.64,379.76,142.65,190.2,380.4,127.74
4760,927.24,927.24,380.36,142.8,190.4,380.8,127.89
4765,928.8,928.8,380.96,142.95,190.6,381.2,128.04
4770,930.41,930.41,381.56,143.1,190.8,381.6,128.09
4775,931.97,931.97,382.16,143.25,191,382,128.24
4780,933.57,933.57,382.76,143.4,191.2,382.4,128.39
4785,935.17,935.17,383.36,143.55,191.4,382.8,128.54
4790,936.73,936.73,383.96,143.7,191.6,383.2,128.69
4795,938.34,938.34,384.56,143.85,191.8,383.6,128.84
4800,939.9,939.9,385.16,144,192,384,128.88
4805,941.5,941.5,385.76,144.15,192.2,384.4,129.03
4810,943.06,943.06,386.36,144.3,192.4,384.8,129.18
4815,944.66,944.66,386.96,144.45,192.6,385.2,129.33
4820,946.27,946.27,387.56,144.6,192.8,385.6,129.48
4825,947.83,947.83,388.16,144.75,193,386,129.63
4830,949.43,949.43,388.76,144.9,193.2,386.4,129.78
4835,950.99,950.99,389.36,145.05,193.4,386.8,129.83
4840,952.59,952.59,389.96,145.2,193.6,387.2,129.98
4845,954.15,954.15,390.56,145.35,193.8,387.6,130.13
4850,955.76,955.76,391.16,145.5,194,388,130.28
4855,957.36,957.36,391.76,145.65,194.2,388.4,130.43
4860,958.92,958.92,392.36,145.8,194.4,388.8,130.58
4865,960.52,960.52,392.96,145.95,194.6,389.2,130.73
4870,962.08,962.08,393.56,146.1,194.8,389.6,130.77
4875,963.69,963.69,394.16,146.25,195,390,130.92
4880,965.29,965.29,394.76,146.4,195.2,390.4,131.07
4885,966.85,966.85,395.36,146.55,195.4,390.8,131.22
4890,968.45,968.45,395.96,146.7,195.6,391.2,131.37
4895,970.01,970.01,396.56,146.85,195.8,391.6,131.52
4900,971.62,971.62,397.16,147,196,392,131.57
4905,973.18,973.18,397.76,147.15,196.2,392.4,131.72
4910,974.78,974.78,398.36,147.3,196.4,392.8,131.87
4915,976.38,976.38,398.96,147.45,196.6,393.2,132.02
4920,977.94,977.94,399.56,147.6,196.8,393.6,132.17
4925,979.55,979.55,400.16,147.75,197,394,132.32
4930,981.11,981.11,400.76,147.9,197.2,394.4,132.47
4935,982.71,982.71,401.36,148.05,197.4,394.8,132.51
4940,984.27,984.27,401.96,148.2,197.6,395.2,132.66
4945,985.87,985.87,402.56,148.35,197.8,395.6,132.81
4950,987.48,987.48,403.16,148.5,198,396,132.96
4955,989.04,989.04,403.76,148.65,198.2,396.4,133.11
4960,990.64,990.64,404.36,148.8,198.4,396.8,133.26
4965,992.2,992.2,404.96,148.95,198.6,397.2,133.41
4970,993.8,993.8,405.56,149.1,198.8,397.6,133.46
4975,995.36,995.36,406.16,149.25,199,398,133.61
4980,996.97,996.97,406.76,149.4,199.2,398.4,133.76
4985,998.57,998.57,407.36,149.55,199.4,398.8,133.91
4990,1000.13,1000.13,407.96,149.7,199.6,399.2,134.06
4995,1001.73,1001.73,408.56,149.85,199.8,399.6,134.21
5000,1003.29,1003.29,409.16,150,200,400,134.25
5005,1004.9,1004.9,409.76,150.15,200.2,400.4,134.4
5010,1006.5,1006.5,410.36,150.3,200.4,400.8,134.55
5015,1008.06,1008.06,410.96,150.45,200.6,401.2,134.7
5020,1009.66,1009.66,411.56,150.6,200.8,401.6,134.85
5025,1011.22,1011.22,412.16,150.75,201,402,135
5030,1012.83,1012.83,412.76,150.9,201.2,402.4,135.15
5035,1014.39,1014.39,413.36,151.05,201.4,402.8,135.2
5040,1015.99,1015.99,413.96,151.2,201.6,403.2,135.35
5045,1017.59,1017.59,414.56,151.35,201.8,403.6,135.5
5050,1019.15,1019.15,415.16,151.5,202,404,135.65
5055,1020.76,1020.76,415.76,151.65,202.2,404.4,135.8
5060,1022.32,1022.32,416.36,151.8,202.4,404.8,135.95
5065,1023.92,1023.92,416.96,151.95,202.6,405.2,136.1
5070,1025.48,1025.48,417.56,152.1,202.8,405.6,136.14
5075,1027.08,1027.08,418.16,152.25,203,406,136.29
5080,1028.69,1028.69,418.76,152.4,203.2,406.4,136.44
5085,1030.25,1030.25,419.36,152.55,203.4,406.8,136.59
5090,1031.85,1031.85,419.96,152.7,203.6,407.2,136.74
5095,1033.41,1033.41,420.56,152.85,203.8,407.6,136.89
5100,1035.01,1035.01,421.16,153,204,408,136.94
5105,1036.57,1036.57,421.76,153.15,204.2,408.4,137.09
5110,1038.18,1038.18,422.36,153.3,204.4,408.8,137.24
5115,1039.78,1039.78,422.96,153.45,204.6,409.2,137.39
5120,1041.34,1041.34,423.56,153.6,204.8,409.6,137.54
5125,1042.94,1042.94,424.16,153.75,205,410,137.69
5130,1044.5,1044.5,424.76,153.9,205.2,410.4,137.84
5135,1046.11,1046.11,425.36,154.05,205.4,410.8,137.88
5140,1047.71,1047.71,425.96,154.2,205.6,411.2,138.03
5145,1049.27,1049.27,426.56,154.35,205.8,411.6,138.18
5150,1050.87,1050.87,427.16,154.5,206,412,138.33
5155,1052.43,1052.43,427.76,154.65,206.2,412.4,138.48
5160,1054.04,1054.04,428.36,154.8,206.4,412.8,138.63
5165,1055.6,1055.6,428.96,154.95,206.6,413.2,138.78
5170,1057.2,1057.2,429.56,155.1,206.8,413.6,138.83
5175,1058.8,1058.8,430.16,155.25,207,414,138.98
5180,1060.36,1060.36,430.76,155.4,207.2,414.4,139.13
5185,1061.97,1061.97,431.36,155.55,207.4,414.8,139.28
5190,1063.53,1063.53,431.96,155.7,207.6,415.2,139.43
5195,1065.13,1065.13,432.56,155.85,207.8,415.6,139.58
5200,1066.69,1066.69,433.16,156,208,416,139.62
5205,1068.29,1068.29,433.76,156.15,208.2,416.4,139.77
5210,1069.9,1069.9,434.36,156.3,208.4,416.8,139.92
5215,1071.46,1071.46,434.96,156.45,208.6,417.2,140.07
5220,1073.06,1073.06,435.56,156.6,208.8,417.6,140.22
5225,1074.62,1074.62,436.16,156.75,209,418,140.37
5230,1076.22,1076.22,436.76,156.9,209.2,418.4,140.52
5235,1077.78,1077.78,437.36,157.05,209.4,418.8,140.57
5240,1079.39,1079.39,437.96,157.2,209.6,419.2,140.72
5245,1080.99,1080.99,438.56,157.35,209.8,419.6,140.87
5250,1082.55,1082.55,439.16,157.5,210,420,141.02
5255,1084.15,1084.15,439.76,157.65,210.2,420.4,141.17
5260,1085.71,1085.71,440.36,157.8,210.4,420.8,141.32
5265,1087.32,1087.32,440.96,157.95,210.6,421.2,141.47
5270,1088.92,1088.92,441.56,158.1,210.8,421.6,141.51
5275,1090.48,1090.48,442.16,158.25,211,422,141.66
5280,1092.08,1092.08,442.76,158.4,211.2,422.4,141.81
5285,1093.64,1093.64,443.36,158.55,211.4,422.8,141.96
5290,1095.25,1095.25,443.96,158.7,211.6,423.2,142.11
5295,1096.81,1096.81,444.56,158.85,211.8,423.6,142.26
5300,1098.41,1098.41,445.16,159,212,424,142.31
5305,1100.01,1100.01,445.76,159.15,212.2,424.4,142.46
5310,1101.57,1101.57,446.36,159.3,212.4,424.8,142.61
5315,1103.18,1103.18,446.96,159.45,212.6,425.2,142.76
5320,1104.74,1104.74,447.56,159.6,212.8,425.6,142.91
5325,1106.34,1106.34,448.16,159.75,213,426,143.06
5330,1107.9,1107.9,448.76,159.9,213.2,426.4,143.21
5335,1109.5,1109.5,449.36,160.05,213.4,426.8,143.25
5340,1111.11,1111.11,449.96,160.2,213.6,427.2,143.4
5345,1112.67,1112.67,450.56,160.35,213.8,427.6,143.55
5350,1114.27,1114.27,451.16,160.5,214,428,143.7
5355,1115.83,1115.83,451.76,160.65,214.2,428.4,143.85
5360,1117.43,1117.43,452.36,160.8,214.4,428.8,144
5365,1118.99,1118.99,452.96,160.95,214.6,429.2,144.15
5370,1120.6,1120.6,453.56,161.1,214.8,429.6,144.2
5375,1122.2,1122.2,454.16,161.25,215,430,144.35
5380,1123.76,1123.76,454.76,161.4,215.2,430.4,144.5
5385,1125.36,1125.36,455.36,161.55,215.4,430.8,144.65
5390,1126.92,1126.92,455.96,161.7,215.6,431.2,144.8
5395,1128.53,1128.53,456.56,161.85,215.8,431.6,144.95
5400,1130.13,1130.13,457.16,162,216,432,144.99
5405,1131.69,1131.69,457.76,162.15,216.2,432.4,145.14
5410,1133.29,1133.29,458.36,162.3,216.4,432.8,145.29
5415,1134.85,1134.85,458.96,162.45,216.6,433.2,145.44
5420,1136.46,1136.46,459.56,162.6,216.8,433.6,145.59
5425,1138.02,1138.02,460.16,162.75,217,434,145.74
5430,1139.62,1139.62,460.76,162.9,217.2,434.4,145.89
5435,1141.22,1141.22,461.36,163.05,217.4,434.8,145.94
5440,1142.78,1142.78,461.96,163.2,217.6,435.2,146.09
5445,1144.39,1144.39,462.56,163.35,217.8,435.6,146.24
5450,1145.95,1145.95,463.16,163.5,218,436,146.39
5455,1147.55,1147.55,463.76,163.65,218.2,436.4,146.54
5460,1149.11,1149.11,464.36,163.8,218.4,436.8,146.69
5465,1150.71,1150.71,464.96,163.95,218.6,437.2,146.84
5470,1152.32,1152.32,465.56,164.1,218.8,437.6,146.88
5475,1153.88,1153.88,466.16,164.25,219,438,147.03
5480,1155.48,1155.48,466.76,164.4,219.2,438.4,147.18
5485,1157.04,1157.04,467.36,164.55,219.4,438.8,147.33
5490,1158.64,1158.64,467.96,164.7,219.6,439.2,147.48
5495,1160.2,1160.2,468.56,164.85,219.8,439.6,147.63
5500,1161.81,1161.81,469.16,165,220,440,147.68
5505,1163.41,1163.41,469.76,165.15,220.2,440.4,147.83
5510,1164.97,1164.97,470.36,165.3,220.4,440.8,147.98
5515,1166.57,1166.57,470.96,165.45,220.6,441.2,148.13
5520,1168.13,1168.13,471.56,165.6,220.8,441.6,148.28
5525,1169.74,1169.74,472.16,165.75,221,442,148.43
5530,1171.34,1171.34,472.76,165.9,221.2,442.4,148.58
5535,1172.9,1172.9,473.36,166.05,221.4,442.8,148.62
5540,1174.5,1174.5,473.96,166.2,221.6,443.2,148.77
5545,1176.06,1176.06,474.56,166.35,221.8,443.6,148.92
5550,1177.67,1177.67,475.16,166.5,222,444,149.07
5555,1179.23,1179.23,475.76,166.65,222.2,444.4,149.22
5560,1180.83,1180.83,476.36,166.8,222.4,444.8,149.37
5565,1182.43,1182.43,476.96,166.95,222.6,445.2,149.52
5570,1183.99,1183.99,477.56,167.1,222.8,445.6,149.57
5575,1185.6,1185.6,478.16,167.25,223,446,149.72
5580,1187.16,1187.16,478.76,167.4,223.2,446.4,149.87
5585,1188.76,1188.76,479.36,167.55,223.4,446.8,150.02
5590,1190.32,1190.32,479.96,167.7,223.6,447.2,150.17
5595,1191.92,1191.92,480.56,167.85,223.8,447.6,150.32
5600,1193.53,1193.53,481.16,168,224,448,150.36
5605,1195.09,1195.09,481.76,168.15,224.2,448.4,150.51
5610,1196.69,1196.69,482.36,168.3,224.4,448.8,150.66
5615,1198.25,1198.25,482.96,168.45,224.6,449.2,150.81
5620,1199.85,1199.85,483.56,168.6,224.8,449.6,150.96
5625,1201.41,1201.41,484.16,168.75,225,450,151.11
5630,1203.02,1203.02,484.76,168.9,225.2,450.4,151.26
5635,1204.62,1204.62,485.36,169.05,225.4,450.8,151.31
5640,1206.18,1206.18,485.96,169.2,225.6,451.2,151.46
5645,1207.78,1207.78,486.56,169.35,225.8,451.6,151.61
5650,1209.34,1209.34,487.16,169.5,226,452,151.76
5655,1210.95,1210.95,487.76,169.65,226.2,452.4,151.91
5660,1212.55,1212.55,488.36,169.8,226.4,452.8,152.06
5665,1214.11,1214.11,488.96,169.95,226.6,453.2,152.21
5670,1215.71,1215.71,489.56,170.1,226.8,453.6,152.25
5675,1217.27,1217.27,490.16,170.25,227,454,152.4
5680,1218.88,1218.88,490.76,170.4,227.2,454.4,152.55
5685,1220.44,1220.44,491.36,170.55,227.4,454.8,152.7
5690,1222.04,1222.04,491.96,170.7,227.6,455.2,152.85
5695,1223.64,1223.64,492.56,170.85,227.8,455.6,153
5700,1225.2,1225.2,493.16,171,228,456,153.05
5705,1226.81,1226.81,493.76,171.15,228.2,456.4,153.2
5710,1228.37,1228.37,494.36,171.3,228.4,456.8,153.35
5715,1229.97,1229.97,494.96,171.45,228.6,457.2,153.5
5720,1231.53,1231.53,495.56,171.6,228.8,457.6,153.65
5725,1233.13,1233.13,496.16,171.75,229,458,153.8
5730,1234.74,1234.74,496.76,171.9,229.2,458.4,153.95
5735,1236.3,1236.3,497.36,172.05,229.4,458.8,153.99
5740,1237.9,1237.9,497.96,172.2,229.6,459.2,154.14
5745,1239.46,1239.46,498.56,172.35,229.8,459.6,154.29
5750,1241.06,1241.06,499.16,172.5,230,460,154.44
5755,1242.62,1242.62,499.76,172.65,230.2,460.4,154.59
5760,1244.23,1244.23,500.36,172.8,230.4,460.8,154.74
5765,1245.83,1245.83,500.96,172.95,230.6,461.2,154.89
5770,1247.39,1247.39,501.56,173.1,230.8,461.6,154.94
5775,1248.99,1248.99,502.16,173.25,231,462,155.09
5780,1250.55,1250.55,502.76,173.4,231.2,462.4,155.24
5785,1252.16,1252.16,503.36,173.55,231.4,462.8,155.39
5790,1253.76,1253.76,503.96,173.7,231.6,463.2,155.54
5795,1255.32,1255.32,504.56,173.85,231.8,463.6,155.69
5800,1256.92,1256.92,505.16,174,232,464,155.73
5805,1258.48,1258.48,505.76,174.15,232.2,464.4,155.88
5810,1260.09,1260.09,506.36,174.3,232.4,464.8,156.03
5815,1261.65,1261.65,506.96,174.45,232.6,465.2,156.18
5820,1263.25,1263.25,507.56,174.6,232.8,465.6,156.33
5825,1264.85,1264.85,508.16,174.75,233,466,156.48
5830,1266.41,1266.41,508.76,174.9,233.2,466.4,156.63
5835,1268.06,1268.06,509.36,175.05,233.4,466.8,156.68
5840,1269.79,1269.79,509.96,175.2,233.6,467.2,156.83
5845,1271.53,1271.53,510.56,175.35,233.8,467.6,156.98
5850,1273.26,1273.26,511.16,175.5,234,468,157.13
5855,1274.99,1274.99,511.76,175.65,234.2,468.4,157.28
5860,1276.73,1276.73,512.36,175.8,234.4,468.8,157.43
5865,1278.46,1278.46,512.96,175.95,234.6,469.2,157.58
5870,1280.19,1280.19,513.56,176.1,234.8,469.6,157.62
5875,1281.93,1281.93,514.16,176.25,235,470,157.77
5880,1283.66,1283.66,514.76,176.4,235.2,470.4,157.92
5885,1285.39,1285.39,515.36,176.55,235.4,470.8,158.07
5890,1287.13,1287.13,515.96,176.7,235.6,471.2,158.22
5895,1288.86,1288.86,516.56,176.85,235.8,471.6,158.37
5900,1290.59,1290.59,517.16,177,236,472,158.42
5905,1292.33,1292.33,517.76,177.15,236.2,472.4,158.57
5910,1294.06,1294.06,518.36,177.3,236.4,472.8,158.72
5915,1295.79,1295.79,518.96,177.45,236.6,473.2,158.87
5920,1297.57,1297.57,519.56,177.6,236.8,473.6,159.02
5925,1299.3,1299.3,520.16,177.75,237,474,159.17
5930,1301.04,1301.04,520.76,177.9,237.2,474.4,159.32
5935,1302.77,1302.77,521.36,178.05,237.4,474.8,159.36
5940,1304.5,1304.5,521.96,178.2,237.6,475.2,159.51
5945,1306.24,1306.24,522.56,178.35,237.8,475.6,159.66
5950,1307.97,1307.97,523.16,178.5,238,476,159.81
5955,1309.7,1309.7,523.76,178.65,238.2,476.4,159.96
5960,1311.44,1311.44,524.36,178.8,238.4,476.8,160.11
5965,1313.17,1313.17,524.96,178.95,238.6,477.2,160.26
5970,1314.9,1314.9,525.56,179.1,238.8,477.6,160.31
5975,1316.64,1316.64,526.16,179.25,239,478,160.46
5980,1318.37,1318.37,526.76,179.4,239.2,478.4,160.61
5985,1320.1,1320.1,527.36,179.55,239.4,478.8,160.76
5990,1321.84,1321.84,527.96,179.7,239.6,479.2,160.91
5995,1323.57,1323.57,528.56,179.85,239.8,479.6,161.06
6000,1325.3,1325.3,529.16,180,240,480,161.1
6005,1327.04,1327.04,529.76,180.15,240.2,480.4,161.25
6010,1328.77,1328.77,530.36,180.3,240.4,480.8,161.4
6015,1330.5,1330.5,530.96,180.45,240.6,481.2,161.55
6020,1332.24,1332.24,531.56,180.6,240.8,481.6,161.7
6025,1333.97,1333.97,532.16,180.75,241,482,161.85
6030,1335.7,1335.7,532.76,180.9,241.2,482.4,162
6035,1337.44,1337.44,533.36,181.05,241.4,482.8,162.05
6040,1339.17,1339.17,533.96,181.2,241.6,483.2,162.2
6045,1340.9,1340.9,534.56,181.35,241.8,483.6,162.35
6050,1342.68,1342.68,535.16,181.5,242,484,162.5
6055,1344.41,1344.41,535.76,181.65,242.2,484.4,162.65
6060,1346.15,1346.15,536.36,181.8,242.4,484.8,162.8
6065,1347.88,1347.88,536.96,181.95,242.6,485.2,162.95
6070,1349.61,1349.61,537.56,182.1,242.8,485.6,162.99
6075,1351.35,1351.35,538.16,182.25,243,486,163.14
6080,1353.08,1353.08,538.76,182.4,243.2,486.4,163.29
6085,1354.81,1354.81,539.36,182.55,243.4,486.8,163.44
6090,1356.55,1356.55,539.96,182.7,243.6,487.2,163.59
6095,1358.28,1358.28,540.56,182.85,243.8,487.6,163.74
6100,1360.01,1360.01,541.16,183,244,488,163.79
6105,1361.75,1361.75,541.76,183.15,244.2,488.4,163.94
6110,1363.48,1363.48,542.36,183.3,244.4,488.8,164.09
6115,1365.21,1365.21,542.96,183.45,244.6,489.2,164.24
6120,1366.95,1366.95,543.56,183.6,244.8,489.6,164.39
6125,1368.68,1368.68,544.16,183.75,245,490,164.54
6130,1370.41,1370.41,544.76,183.9,245.2,490.4,164.69
6135,1372.15,1372.15,545.36,184.05,245.4,490.8,164.73
6140,1373.88,1373.88,545.96,184.2,245.6,491.2,164.88
6145,1375.61,1375.61,546.56,184.35,245.8,491.6,165.03
6150,1377.35,1377.35,547.16,184.5,246,492,165.18
6155,1379.08,1379.08,547.76,184.65,246.2,492.4,165.33
6160,1380.81,1380.81,548.36,184.8,246.4,492.8,165.48
6165,1382.55,1382.55,548.96,184.95,246.6,493.2,165.63
6170,1384.28,1384.28,549.56,185.1,246.8,493.6,165.68
6175,1386.01,1386.01,550.16,185.25,247,494,165.83
6180,1387.79,1387.79,550.76,185.4,247.2,494.4,165.98
6185,1389.52,1389.52,551.36,185.55,247.4,494.8,166.13
6190,1391.26,1391.26,551.96,185.7,247.6,495.2,166.28
6195,1392.99,1392.99,552.56,185.85,247.8,495.6,166.43
6200,1394.72,1394.72,553.16,186,248,496,166.47
6205,1396.46,1396.46,553.76,186.15,248.2,496.4,166.62
6210,1398.19,1398.19,554.36,186.3,248.4,496.8,166.77
6215,1399.92,1399.92,554.96,186.45,248.6,497.2,166.92
6220,1401.66,1401.66,555.56,186.6,248.8,497.6,167.07
6225,1403.39,1403.39,556.16,186.75,249,498,167.22
6230,1405.12,1405.12,556.76,186.9,249.2,498.4,167.37
6235,1406.86,1406.86,557.36,187.05,249.4,498.8,167.42
6240,1408.59,1408.59,557.96,187.2,249.6,499.2,167.57
6245,1410.32,1410.32,558.56,187.35,249.8,499.6,167.72
6250,1412.06,1412.06,559.16,187.5,250,500,167.87
6255,1413.79,1413.79,559.76,187.65,250.2,500.4,168.02
6260,1415.52,1415.52,560.36,187.8,250.4,500.8,168.17
6265,1417.26,1417.26,560.96,187.95,250.6,501.2,168.32
6270,1418.99,1418.99,561.56,188.1,250.8,501.6,168.36
6275,1420.72,1420.72,562.16,188.25,251,502,168.51
6280,1422.46,1422.46,562.76,188.4,251.2,502.4,168.66
6285,1424.19,1424.19,563.36,188.55,251.4,502.8,168.81
6290,1425.92,1425.92,563.96,188.7,251.6,503.2,168.96
6295,1427.66,1427.66,564.56,188.85,251.8,503.6,169.11
6300,1429.39,1429.39,565.16,189,252,504,169.16
6305,1431.12,1431.12,565.76,189.15,252.2,504.4,169.31
6310,1432.9,1432.9,566.36,189.3,252.4,504.8,169.46
6315,1434.63,1434.63,566.96,189.45,252.6,505.2,169.61
6320,1436.37,1436.37,567.56,189.6,252.8,505.6,169.76
6325,1438.1,1438.1,568.16,189.75,253,506,169.91
6330,1439.83,1439.83,568.76,189.9,253.2,506.4,170.06
6335,1441.57,1441.57,569.36,190.05,253.4,506.8,170.1
6340,1443.3,1443.3,569.96,190.2,253.6,507.2,170.25
6345,1445.03,1445.03,570.56,190.35,253.8,507.6,170.4
6350,1446.77,1446.77,571.16,190.5,254,508,170.55
6355,1448.5,1448.5,571.76,190.65,254.2,508.4,170.7
6360,1450.23,1450.23,572.36,190.8,254.4,508.8,170.85
6365,1451.97,1451.97,572.96,190.95,254.6,509.2,171
6370,1453.7,1453.7,573.56,191.1,254.8,509.6,171.05
6375,1455.43,1455.43,574.16,191.25,255,510,171.2
6380,1457.17,1457.17,574.76,191.4,255.2,510.4,171.35
6385,1458.9,1458.9,575.36,191.55,255.4,510.8,171.5
6390,1460.63,1460.63,575.96,191.7,255.6,511.2,171.65
6395,1462.37,1462.37,576.56,191.85,255.8,511.6,171.8
6400,1464.1,1464.1,577.16,192,256,512,171.84
6405,1465.83,1465.83,577.76,192.15,256.2,512.4,171.99
6410,1467.57,1467.57,578.36,192.3,256.4,512.8,172.14
6415,1469.3,1469.3,578.96,192.45,256.6,513.2,172.29
6420,1471.03,1471.03,579.56,192.6,256.8,513.6,172.44
6425,1472.77,1472.77,580.16,192.75,257,514,172.59
6430,1474.5,1474.5,580.76,192.9,257.2,514.4,172.74
6435,1476.23,1476.23,581.36,193.05,257.4,514.8,172.79
6440,1478.01,1478.01,581.96,193.2,257.6,515.2,172.94
6445,1479.74,1479.74,582.56,193.35,257.8,515.6,173.09
6450,1481.48,1481.48,583.16,193.5,258,516,173.24
6455,1483.21,1483.21,583.76,193.65,258.2,516.4,173.39
6460,1484.94,1484.94,584.36,193.8,258.4,516.8,173.54
6465,1486.68,1486.68,584.96,193.95,258.6,517.2,173.69
6470,1488.41,1488.41,585.56,194.1,258.8,517.6,173.73
6475,1490.14,1490.14,586.16,194.25,259,518,173.88
6480,1491.88,1491.88,586.76,194.4,259.2,518.4,174.03
6485,1493.61,1493.61,587.36,194.55,259.4,518.8,174.18
6490,1495.34,1495.34,587.96,194.7,259.6,519.2,174.33
6495,1497.08,1497.08,588.56,194.85,259.8,519.6,174.48
6500,1498.81,1498.81,589.16,195,260,520,174.53
6505,1500.54,1500.54,589.76,195.15,260.2,520.4,174.68
6510,1502.28,1502.28,590.36,195.3,260.4,520.8,174.83
6515,1504.01,1504.01,590.96,195.45,260.6,521.2,174.98
6520,1505.74,1505.74,591.56,195.6,260.8,521.6,175.13
6525,1507.48,1507.48,592.16,195.75,261,522,175.28
6530,1509.21,1509.21,592.76,195.9,261.2,522.4,175.43
6535,1510.94,1510.94,593.36,196.05,261.4,522.8,175.47
6540,1512.68,1512.68,593.96,196.2,261.6,523.2,175.62
6545,1514.41,1514.41,594.56,196.35,261.8,523.6,175.77
6550,1516.14,1516.14,595.16,196.5,262,524,175.92
6555,1517.88,1517.88,595.76,196.65,262.2,524.4,176.07
6560,1519.61,1519.61,596.36,196.8,262.4,524.8,176.22
6565,1521.34,1521.34,596.96,196.95,262.6,525.2,176.37
6570,1523.12,1523.12,597.56,197.1,262.8,525.6,176.42
6575,1524.85,1524.85,598.16,197.25,263,526,176.57
6580,1526.59,1526.59,598.76,197.4,263.2,526.4,176.72
6585,1528.32,1528.32,599.36,197.55,263.4,526.8,176.87
6590,1530.05,1530.05,599.96,197.7,263.6,527.2,177.02
6595,1531.79,1531.79,600.56,197.85,263.8,527.6,177.17
6600,1533.52,1533.52,601.16,198,264,528,177.21
6605,1535.25,1535.25,601.76,198.15,264.2,528.4,177.36
6610,1536.99,1536.99,602.36,198.3,264.4,528.8,177.51
6615,1538.72,1538.72,602.96,198.45,264.6,529.2,177.66
6620,1540.45,1540.45,603.56,198.6,264.8,529.6,177.81
6625,1542.19,1542.19,604.16,198.75,265,530,177.96
6630,1543.92,1543.92,604.76,198.9,265.2,530.4,178.11
6635,1545.65,1545.65,605.36,199.05,265.4,530.8,178.16
6640,1547.39,1547.39,605.96,199.2,265.6,531.2,178.31
6645,1549.12,1549.12,606.56,199.35,265.8,531.6,178.46
6650,1550.85,1550.85,607.16,199.5,266,532,178.61
6655,1552.59,1552.59,607.76,199.65,266.2,532.4,178.76
6660,1554.32,1554.32,608.36,199.8,266.4,532.8,178.91
6665,1556.05,1556.05,608.96,199.95,266.6,533.2,179.06
6670,1557.79,1557.79,609.56,200.1,266.8,533.6,179.1
6675,1559.52,1559.52,610.16,200.25,267,534,179.25
6680,1561.25,1561.25,610.76,200.4,267.2,534.4,179.4
6685,1562.99,1562.99,611.36,200.55,267.4,534.8,179.55
6690,1564.72,1564.72,611.96,200.7,267.6,535.2,179.7
6695,1566.45,1566.45,612.56,200.85,267.8,535.6,179.85
6700,1568.23,1568.23,613.16,201,268,536,179.9
6705,1569.96,1569.96,613.76,201.15,268.2,536.4,180.05
6710,1571.7,1571.7,614.36,201.3,268.4,536.8,180.2
6715,1573.43,1573.43,614.96,201.45,268.6,537.2,180.35
6720,1575.16,1575.16,615.56,201.6,268.8,537.6,180.5
6725,1576.9,1576.9,616.16,201.75,269,538,180.65
6730,1578.63,1578.63,616.76,201.9,269.2,538.4,180.8
6735,1580.36,1580.36,617.36,202.05,269.4,538.8,180.84
6740,1582.1,1582.1,617.96,202.2,269.6,539.2,180.99
6745,1583.83,1583.83,618.56,202.35,269.8,539.6,181.14
6750,1585.56,1585.56,619.16,202.5,270,540,181.29
6755,1587.3,1587.3,619.76,202.65,270.2,540.4,181.44
6760,1589.03,1589.03,620.36,202.8,270.4,540.8,181.59
6765,1590.76,1590.76,620.96,202.95,270.6,541.2,181.74
6770,1592.5,1592.5,621.56,203.1,270.8,541.6,181.79
6775,1594.23,1594.23,622.16,203.25,271,542,181.94
6780,1595.96,1595.96,622.76,203.4,271.2,542.4,182.09
6785,1597.7,1597.7,623.36,203.55,271.4,542.8,182.24
6790,1599.43,1599.43,623.96,203.7,271.6,543.2,182.39
6795,1601.16,1601.16,624.56,203.85,271.8,543.6,182.54
6800,1602.9,1602.9,625.16,204,272,544,182.58
6805,1604.63,1604.63,625.76,204.15,272.2,544.4,182.73
6810,1606.36,1606.36,626.36,204.3,272.4,544.8,182.88
6815,1608.1,1608.1,626.96,204.45,272.6,545.2,183.03
6820,1609.83,1609.83,627.56,204.6,272.8,545.6,183.18
6825,1611.56,1611.56,628.16,204.75,273,546,183.33
6830,1613.34,1613.34,628.76,204.9,273.2,546.4,183.48
6835,1615.07,1615.07,629.36,205.05,273.4,546.8,183.53
6840,1616.81,1616.81,629.96,205.2,273.6,547.2,183.68
6845,1618.54,1618.54,630.56,205.35,273.8,547.6,183.83
6850,1620.27,1620.27,631.16,205.5,274,548,183.98
6855,1622.01,1622.01,631.76,205.65,274.2,548.4,184.13
6860,1623.74,1623.74,632.36,205.8,274.4,548.8,184.28
6865,1625.47,1625.47,632.96,205.95,274.6,549.2,184.43
6870,1627.21,1627.21,633.56,206.1,274.8,549.6,184.47
6875,1628.94,1628.94,634.16,206.25,275,550,184.62
6880,1630.67,1630.67,634.76,206.4,275.2,550.4,184.77
6885,1632.41,1632.41,635.36,206.55,275.4,550.8,184.92
6890,1634.14,1634.14,635.96,206.7,275.6,551.2,185.07
6895,1635.87,1635.87,636.56,206.85,275.8,551.6,185.22
6900,1637.61,1637.61,637.16,207,276,552,185.27
6905,1639.34,1639.34,637.76,207.15,276.2,552.4,185.42
6910,1641.07,1641.07,638.36,207.3,276.4,552.8,185.57
6915,1642.81,1642.81,638.96,207.45,276.6,553.2,185.72
6920,1644.54,1644.54,639.56,207.6,276.8,553.6,185.87
6925,1646.27,1646.27,640.16,207.75,277,554,186.02
6930,1648.01,1648.01,640.76,207.9,277.2,554.4,186.17
6935,1649.74,1649.74,641.36,208.05,277.4,554.8,186.21
6940,1651.47,1651.47,641.96,208.2,277.6,555.2,186.36
6945,1653.21,1653.21,642.56,208.35,277.8,555.6,186.51
6950,1654.94,1654.94,643.16,208.5,278,556,186.66
6955,1656.67,1656.67,643.76,208.65,278.2,556.4,186.81
6960,1658.45,1658.45,644.36,208.8,278.4,556.8,186.96
6965,1660.18,1660.18,644.96,208.95,278.6,557.2,187.11
6970,1661.92,1661.92,645.56,209.1,278.8,557.6,187.16
6975,1663.65,1663.65,646.16,209.25,279,558,187.31
6980,1665.38,1665.38,646.76,209.4,279.2,558.4,187.46
6985,1667.12,1667.12,647.36,209.55,279.4,558.8,187.61
6990,1668.85,1668.85,647.96,209.7,279.6,559.2,187.76
6995,1670.58,1670.58,648.56,209.85,279.8,559.6,187.91
7000,1672.32,1672.32,649.16,210,280,560,187.95
7005,1674.05,1674.05,649.76,210.15,280.2,560.4,188.1
7010,1675.78,1675.78,650.36,210.3,280.4,560.8,188.25
7015,1677.52,1677.52,650.96,210.45,280.6,561.2,188.4
7020,1679.25,1679.25,651.56,210.6,280.8,561.6,188.55
7025,1680.98,1680.98,652.16,210.75,281,562,188.7
7030,1682.72,1682.72,652.76,210.9,281.2,562.4,188.85
7035,1684.45,1684.45,653.36,211.05,281.4,562.8,188.9
7040,1686.18,1686.18,653.96,211.2,281.6,563.2,189.05
7045,1687.92,1687.92,654.56,211.35,281.8,563.6,189.2
7050,1689.65,1689.65,655.16,211.5,282,564,189.35
7055,1691.38,1691.38,655.76,211.65,282.2,564.4,189.5
7060,1693.12,1693.12,656.36,211.8,282.4,564.8,189.65
7065,1694.85,1694.85,656.96,211.95,282.6,565.2,189.8
7070,1696.58,1696.58,657.56,212.1,282.8,565.6,189.84
7075,1698.32,1698.32,658.16,212.25,283,566,189.99
7080,1700.05,1700.05,658.76,212.4,283.2,566.4,190.14
7085,1701.78,1701.78,659.36,212.55,283.4,566.8,190.29
7090,1703.56,1703.56,659.96,212.7,283.6,567.2,190.44
7095,1705.29,1705.29,660.56,212.85,283.8,567.6,190.59
7100,1707.03,1707.03,661.16,213,284,568,190.64
7105,1708.76,1708.76,661.76,213.15,284.2,568.4,190.79
7110,1710.49,1710.49,662.36,213.3,284.4,568.8,190.94
7115,1712.23,1712.23,662.96,213.45,284.6,569.2,191.09
7120,1713.96,1713.96,663.56,213.6,284.8,569.6,191.24
7125,1715.69,1715.69,664.16,213.75,285,570,191.39
7130,1717.43,1717.43,664.76,213.9,285.2,570.4,191.54
7135,1719.16,1719.16,665.36,214.05,285.4,570.8,191.58
7140,1720.89,1720.89,665.96,214.2,285.6,571.2,191.73
7145,1722.63,1722.63,666.56,214.35,285.8,571.6,191.88
7150,1724.36,1724.36,667.16,214.5,286,572,192.03
7155,1726.09,1726.09,667.76,214.65,286.2,572.4,192.18
7160,1727.83,1727.83,668.36,214.8,286.4,572.8,192.33
7165,1729.56,1729.56,668.96,214.95,286.6,573.2,192.48
7170,1731.29,1731.29,669.56,215.1,286.8,573.6,192.53
7175,1733.03,1733.03,670.16,215.25,287,574,192.68
7180,1734.76,1734.76,670.76,215.4,287.2,574.4,192.83
7185,1736.49,1736.49,671.36,215.55,287.4,574.8,192.98
7190,1738.23,1738.23,671.96,215.7,287.6,575.2,193.13
7195,1739.96,1739.96,672.56,215.85,287.8,575.6,193.28
7200,1741.69,1741.69,673.16,216,288,576,193.32
7205,1743.43,1743.43,673.76,216.15,288.2,576.4,193.47
7210,1745.16,1745.16,674.36,216.3,288.4,576.8,193.62
7215,1746.89,1746.89,674.96,216.45,288.6,577.2,193.77
7220,1748.67,1748.67,675.56,216.6,288.8,577.6,193.92
7225,1750.4,1750.4,676.16,216.75,289,578,194.07
7230,1752.14,1752.14,676.76,216.9,289.2,578.4,194.22
7235,1753.87,1753.87,677.36,217.05,289.4,578.8,194.27
7240,1755.6,1755.6,677.96,217.2,289.6,579.2,194.42
7245,1757.34,1757.34,678.56,217.35,289.8,579.6,194.57
7250,1759.07,1759.07,679.16,217.5,290,580,194.72
7255,1760.8,1760.8,679.76,217.65,290.2,580.4,194.87
7260,1762.54,1762.54,680.36,217.8,290.4,580.8,195.02
7265,1764.27,1764.27,680.96,217.95,290.6,581.2,195.17
7270,1766,1766,681.56,218.1,290.8,581.6,195.21
7275,1767.74,1767.74,682.16,218.25,291,582,195.36
7280,1769.47,1769.47,682.76,218.4,291.2,582.4,195.51
7285,1771.2,1771.2,683.36,218.55,291.4,582.8,195.66
7290,1772.94,1772.94,683.96,218.7,291.6,583.2,195.81
7295,1774.67,1774.67,684.56,218.85,291.8,583.6,195.96
7300,1776.4,1776.4,685.16,219,292,584,196.01
7305,1778.14,1778.14,685.76,219.15,292.2,584.4,196.16
7310,1779.87,1779.87,686.36,219.3,292.4,584.8,196.31
7315,1781.6,1781.6,686.96,219.45,292.6,585.2,196.46
7320,1783.34,1783.34,687.56,219.6,292.8,585.6,196.61
7325,1785.07,1785.07,688.16,219.75,293,586,196.76
7330,1786.8,1786.8,688.76,219.9,293.2,586.4,196.91
7335,1788.54,1788.54,689.36,220.05,293.4,586.8,196.95
7340,1790.27,1790.27,689.96,220.2,293.6,587.2,197.1
7345,1792,1792,690.56,220.35,293.8,587.6,197.25
7350,1793.78,1793.78,691.16,220.5,294,588,197.4
7355,1795.51,1795.51,691.76,220.65,294.2,588.4,197.55
7360,1797.25,1797.25,692.36,220.8,294.4,588.8,197.7
7365,1798.98,1798.98,692.96,220.95,294.6,589.2,197.85
7370,1800.71,1800.71,693.56,221.1,294.8,589.6,197.9
7375,1802.45,1802.45,694.16,221.25,295,590,198.05
7380,1804.18,1804.18,694.76,221.4,295.2,590.4,198.2
7385,1805.91,1805.91,695.36,221.55,295.4,590.8,198.35
7390,1807.65,1807.65,695.96,221.7,295.6,591.2,198.5
7395,1809.38,1809.38,696.56,221.85,295.8,591.6,198.65
7400,1811.11,1811.11,697.16,222,296,592,198.69
7405,1812.85,1812.85,697.76,222.15,296.2,592.4,198.84
7410,1814.58,1814.58,698.36,222.3,296.4,592.8,198.99
7415,1816.31,1816.31,698.96,222.45,296.6,593.2,199.14
7420,1818.05,1818.05,699.56,222.6,296.8,593.6,199.29
7425,1819.78,1819.78,700.16,222.75,297,594,199.44
7430,1821.51,1821.51,700.76,222.9,297.2,594.4,199.59
7435,1823.25,1823.25,701.36,223.05,297.4,594.8,199.64
7440,1824.98,1824.98,701.96,223.2,297.6,595.2,199.79
7445,1826.71,1826.71,702.56,223.35,297.8,595.6,199.94
7450,1828.45,1828.45,703.16,223.5,298,596,200.09
7455,1830.18,1830.18,703.76,223.65,298.2,596.4,200.24
7460,1831.91,1831.91,704.36,223.8,298.4,596.8,200.39
7465,1833.65,1833.65,704.96,223.95,298.6,597.2,200.54
7470,1835.38,1835.38,705.56,224.1,298.8,597.6,200.58
7475,1837.11,1837.11,706.16,224.25,299,598,200.73
7480,1838.89,1838.89,706.76,224.4,299.2,598.4,200.88
7485,1840.62,1840.62,707.36,224.55,299.4,598.8,201.03
7490,1842.36,1842.36,707.96,224.7,299.6,599.2,201.18
7495,1844.09,1844.09,708.56,224.85,299.8,599.6,201.33
7500,1845.82,1845.82,709.16,225,300,600,201.38
7505,1847.56,1847.56,709.76,225.15,300.2,600.4,201.53
7510,1849.29,1849.29,710.36,225.3,300.4,600.8,201.68
7515,1851.02,1851.02,710.96,225.45,300.6,601.2,201.83
7520,1852.76,1852.76,711.56,225.6,300.8,601.6,201.98
7525,1854.49,1854.49,712.16,225.75,301,602,202.13
7530,1856.22,1856.22,712.76,225.9,301.2,602.4,202.28
7535,1857.96,1857.96,713.36,226.05,301.4,602.8,202.32
7540,1859.69,1859.69,713.96,226.2,301.6,603.2,202.47
7545,1861.42,1861.42,714.56,226.35,301.8,603.6,202.62
7550,1863.16,1863.16,715.16,226.5,302,604,202.77
7555,1864.89,1864.89,715.76,226.65,302.2,604.4,202.92
7560,1866.62,1866.62,716.36,226.8,302.4,604.8,203.07
7565,1868.36,1868.36,716.96,226.95,302.6,605.2,203.22
7570,1870.09,1870.09,717.56,227.1,302.8,605.6,203.27
7575,1871.82,1871.82,718.16,227.25,303,606,203.42
7580,1873.56,1873.56,718.76,227.4,303.2,606.4,203.57
7585,1875.29,1875.29,719.36,227.55,303.4,606.8,203.72
7590,1877.02,1877.02,719.96,227.7,303.6,607.2,203.87
7595,1878.76,1878.76,720.56,227.85,303.8,607.6,204.02
7600,1880.49,1880.49,721.16,228,304,608,204.06
7605,1882.22,1882.22,721.76,228.15,304.2,608.4,204.21
7610,1884,1884,722.36,228.3,304.4,608.8,204.36
7615,1885.73,1885.73,722.96,228.45,304.6,609.2,204.51
7620,1887.47,1887.47,723.56,228.6,304.8,609.6,204.66
7625,1889.2,1889.2,724.16,228.75,305,610,204.81
7630,1890.93,1890.93,724.76,228.9,305.2,610.4,204.96
7635,1892.67,1892.67,725.36,229.05,305.4,610.8,205.01
7640,1894.4,1894.4,725.96,229.2,305.6,611.2,205.16
7645,1896.13,1896.13,726.56,229.35,305.8,611.6,205.31
7650,1897.87,1897.87,727.16,229.5,306,612,205.46
7655,1899.6,1899.6,727.76,229.65,306.2,612.4,205.61
7660,1901.33,1901.33,728.36,229.8,306.4,612.8,205.76
7665,1903.07,1903.07,728.96,229.95,306.6,613.2,205.91
7670,1904.8,1904.8,729.56,230.1,306.8,613.6,205.95
7675,1906.53,1906.53,730.16,230.25,307,614,206.1
7680,1908.27,1908.27,730.76,230.4,307.2,614.4,206.25
7685,1910,1910,731.36,230.55,307.4,614.8,206.4
7690,1911.73,1911.73,731.96,230.7,307.6,615.2,206.55
7695,1913.47,1913.47,732.56,230.85,307.8,615.6,206.7
7700,1915.2,1915.2,733.16,231,308,616,206.75
7705,1916.93,1916.93,733.76,231.15,308.2,616.4,206.9
7710,1918.67,1918.67,734.36,231.3,308.4,616.8,207.05
7715,1920.4,1920.4,734.96,231.45,308.6,617.2,207.2
7720,1922.13,1922.13,735.56,231.6,308.8,617.6,207.35
7725,1923.87,1923.87,736.16,231.75,309,618,207.5
7730,1925.6,1925.6,736.76,231.9,309.2,618.4,207.65
7735,1927.33,1927.33,737.36,232.05,309.4,618.8,207.69
7740,1929.11,1929.11,737.96,232.2,309.6,619.2,207.84
7745,1930.84,1930.84,738.56,232.35,309.8,619.6,207.99
7750,1932.58,1932.58,739.16,232.5,310,620,208.14
7755,1934.31,1934.31,739.76,232.65,310.2,620.4,208.29
7760,1936.04,1936.04,740.36,232.8,310.4,620.8,208.44
7765,1937.78,1937.78,740.96,232.95,310.6,621.2,208.59
7770,1939.51,1939.51,741.56,233.1,310.8,621.6,208.64
7775,1941.24,1941.24,742.16,233.25,311,622,208.79
7780,1942.98,1942.98,742.76,233.4,311.2,622.4,208.94
7785,1944.71,1944.71,743.36,233.55,311.4,622.8,209.09
7790,1946.44,1946.44,743.96,233.7,311.6,623.2,209.24
7795,1948.18,1948.18,744.56,233.85,311.8,623.6,209.39
7800,1949.91,1949.91,745.16,234,312,624,209.43
7805,1951.64,1951.64,745.76,234.15,312.2,624.4,209.58
7810,1953.38,1953.38,746.36,234.3,312.4,624.8,209.73
7815,1955.11,1955.11,746.96,234.45,312.6,625.2,209.88
7820,1956.84,1956.84,747.56,234.6,312.8,625.6,210.03
7825,1958.58,1958.58,748.16,234.75,313,626,210.18
7830,1960.31,1960.31,748.76,234.9,313.2,626.4,210.33
7835,1962.04,1962.04,749.36,235.05,313.4,626.8,210.38
7840,1963.78,1963.78,749.96,235.2,313.6,627.2,210.53
7845,1965.51,1965.51,750.56,235.35,313.8,627.6,210.68
7850,1967.24,1967.24,751.16,235.5,314,628,210.83
7855,1968.98,1968.98,751.76,235.65,314.2,628.4,210.98
7860,1970.71,1970.71,752.36,235.8,314.4,628.8,211.13
7865,1972.44,1972.44,752.96,235.95,314.6,629.2,211.28
7870,1974.22,1974.22,753.56,236.1,314.8,629.6,211.32
7875,1975.95,1975.95,754.16,236.25,315,630,211.47
7880,1977.69,1977.69,754.76,236.4,315.2,630.4,211.62
7885,1979.42,1979.42,755.36,236.55,315.4,630.8,211.77
7890,1981.15,1981.15,755.96,236.7,315.6,631.2,211.92
7895,1982.89,1982.89,756.56,236.85,315.8,631.6,212.07
7900,1984.62,1984.62,757.16,237,316,632,212.12
7905,1986.35,1986.35,757.76,237.15,316.2,632.4,212.27
7910,1988.09,1988.09,758.36,237.3,316.4,632.8,212.42
7915,1989.82,1989.82,758.96,237.45,316.6,633.2,212.57
7920,1991.55,1991.55,759.56,237.6,316.8,633.6,212.72
7925,1993.29,1993.29,760.16,237.75,317,634,212.87
7930,1995.02,1995.02,760.76,237.9,317.2,634.4,213.02
7935,1996.75,1996.75,761.36,238.05,317.4,634.8,213.06
7940,1998.49,1998.49,761.96,238.2,317.6,635.2,213.21
7945,2000.22,2000.22,762.56,238.35,317.8,635.6,213.36
7950,2001.95,2001.95,763.16,238.5,318,636,213.51
7955,2003.69,2003.69,763.76,238.65,318.2,636.4,213.66
7960,2005.42,2005.42,764.36,238.8,318.4,636.8,213.81
7965,2007.15,2007.15,764.96,238.95,318.6,637.2,213.96
7970,2008.89,2008.89,765.56,239.1,318.8,637.6,214.01
7975,2010.62,2010.62,766.16,239.25,319,638,214.16
7980,2012.35,2012.35,766.76,239.4,319.2,638.4,214.31
7985,2014.09,2014.09,767.36,239.55,319.4,638.8,214.46
7990,2015.82,2015.82,767.96,239.7,319.6,639.2,214.61
7995,2017.55,2017.55,768.56,239.85,319.8,639.6,214.76
8000,2019.33,2019.33,769.16,240,320,640,214.8
8005,2021.06,2021.06,769.76,240.15,320.2,640.4,214.95
8010,2022.8,2022.8,770.36,240.3,320.4,640.8,215.1
8015,2024.53,2024.53,770.96,240.45,320.6,641.2,215.25
8020,2026.26,2026.26,771.56,240.6,320.8,641.6,215.4
8025,2028,2028,772.16,240.75,321,642,215.55
8030,2029.73,2029.73,772.76,240.9,321.2,642.4,215.7
8035,2031.46,2031.46,773.36,241.05,321.4,642.8,215.75
8040,2033.2,2033.2,773.96,241.2,321.6,643.2,215.9
8045,2034.93,2034.93,774.56,241.35,321.8,643.6,216.05
8050,2036.66,2036.66,775.16,241.5,322,644,216.2
8055,2038.4,2038.4,775.76,241.65,322.2,644.4,216.35
8060,2040.13,2040.13,776.36,241.8,322.4,644.8,216.5
8065,2041.86,2041.86,776.96,241.95,322.6,645.2,216.65
8070,2043.6,2043.6,777.56,242.1,322.8,645.6,216.69
8075,2045.33,2045.33,778.16,242.25,323,646,216.84
8080,2047.06,2047.06,778.76,242.4,323.2,646.4,216.99
8085,2048.8,2048.8,779.36,242.55,323.4,646.8,217.14
8090,2050.53,2050.53,779.96,242.7,323.6,647.2,217.29
8095,2052.26,2052.26,780.56,242.85,323.8,647.6,217.44
8100,2054,2054,781.16,243,324,648,217.49
8105,2055.73,2055.73,781.76,243.15,324.2,648.4,217.64
8110,2057.46,2057.46,782.36,243.3,324.4,648.8,217.79
8115,2059.2,2059.2,782.96,243.45,324.6,649.2,217.94
8120,2060.93,2060.93,783.56,243.6,324.8,649.6,218.09
8125,2062.66,2062.66,784.16,243.75,325,650,218.24
8130,2064.44,2064.44,784.76,243.9,325.2,650.4,218.39
8135,2066.17,2066.17,785.36,244.05,325.4,650.8,218.43
8140,2067.91,2067.91,785.96,244.2,325.6,651.2,218.58
8145,2069.64,2069.64,786.56,244.35,325.8,651.6,218.73
8150,2071.37,2071.37,787.16,244.5,326,652,218.88
8155,2073.11,2073.11,787.76,244.65,326.2,652.4,219.03
8160,2074.84,2074.84,788.36,244.8,326.4,652.8,219.18
8165,2076.57,2076.57,788.96,244.95,326.6,653.2,219.33
8170,2078.31,2078.31,789.56,245.1,326.8,653.6,219.38
8175,2080.04,2080.04,790.16,245.25,327,654,219.53
8180,2081.77,2081.77,790.76,245.4,327.2,654.4,219.68
8185,2083.51,2083.51,791.36,245.55,327.4,654.8,219.83
8190,2085.24,2085.24,791.96,245.7,327.6,655.2,219.98
8195,2086.97,2086.97,792.56,245.85,327.8,655.6,220.13
8200,2088.71,2088.71,793.16,246,328,656,220.17
8205,2090.44,2090.44,793.76,246.15,328.2,656.4,220.32
8210,2092.17,2092.17,794.36,246.3,328.4,656.8,220.47
8215,2093.91,2093.91,794.96,246.45,328.6,657.2,220.62
8220,2095.64,2095.64,795.56,246.6,328.8,657.6,220.77
8225,2097.37,2097.37,796.16,246.75,329,658,220.92
8230,2099.11,2099.11,796.76,246.9,329.2,658.4,221.07
8235,2100.84,2100.84,797.36,247.05,329.4,658.8,221.12
8240,2102.57,2102.57,797.96,247.2,329.6,659.2,221.27
8245,2104.31,2104.31,798.56,247.35,329.8,659.6,221.42
8250,2106.04,2106.04,799.16,247.5,330,660,221.57
8255,2107.77,2107.77,799.76,247.65,330.2,660.4,221.72
8260,2109.55,2109.55,800.36,247.8,330.4,660.8,221.87
8265,2111.28,2111.28,800.96,247.95,330.6,661.2,222.02
8270,2113.02,2113.02,801.56,248.1,330.8,661.6,222.06
8275,2114.75,2114.75,802.16,248.25,331,662,222.21
8280,2116.48,2116.48,802.76,248.4,331.2,662.4,222.36
8285,2118.22,2118.22,803.36,248.55,331.4,662.8,222.51
8290,2119.95,2119.95,803.96,248.7,331.6,663.2,222.66
8295,2121.68,2121.68,804.56,248.85,331.8,663.6,222.81
8300,2123.42,2123.42,805.16,249,332,664,222.86
8305,2125.15,2125.15,805.76,249.15,332.2,664.4,223.01
8310,2126.88,2126.88,806.36,249.3,332.4,664.8,223.16
8315,2128.62,2128.62,806.96,249.45,332.6,665.2,223.31
8320,2130.35,2130.35,807.56,249.6,332.8,665.6,223.46
8325,2132.08,2132.08,808.16,249.75,333,666,223.61
8330,2133.82,2133.82,808.76,249.9,333.2,666.4,223.76
8335,2135.55,2135.55,809.36,250.05,333.4,666.8,223.8
8340,2137.28,2137.28,809.96,250.2,333.6,667.2,223.95
8345,2139.02,2139.02,810.56,250.35,333.8,667.6,224.1
8350,2140.75,2140.75,811.16,250.5,334,668,224.25
8355,2142.48,2142.48,811.76,250.65,334.2,668.4,224.4
8360,2144.22,2144.22,812.36,250.8,334.4,668.8,224.55
8365,2145.95,2145.95,812.96,250.95,334.6,669.2,224.7
8370,2147.68,2147.68,813.56,251.1,334.8,669.6,224.75
8375,2149.42,2149.42,814.16,251.25,335,670,224.9
8380,2151.15,2151.15,814.76,251.4,335.2,670.4,225.05
8385,2152.88,2152.88,815.36,251.55,335.4,670.8,225.2
8390,2154.66,2154.66,815.96,251.7,335.6,671.2,225.35
8395,2156.39,2156.39,816.56,251.85,335.8,671.6,225.5
8400,2158.13,2158.13,817.16,252,336,672,225.54
8405,2159.86,2159.86,817.76,252.15,336.2,672.4,225.69
8410,2161.59,2161.59,818.36,252.3,336.4,672.8,225.84
8415,2163.33,2163.33,818.96,252.45,336.6,673.2,225.99
8420,2165.06,2165.06,819.56,252.6,336.8,673.6,226.14
8425,2166.79,2166.79,820.16,252.75,337,674,226.29
8430,2168.53,2168.53,820.76,252.9,337.2,674.4,226.44
8435,2170.26,2170.26,821.36,253.05,337.4,674.8,226.49
8440,2171.99,2171.99,821.96,253.2,337.6,675.2,226.64
8445,2173.73,2173.73,822.56,253.35,337.8,675.6,226.79
8450,2175.46,2175.46,823.16,253.5,338,676,226.94
8455,2177.19,2177.19,823.76,253.65,338.2,676.4,227.09
8460,2178.93,2178.93,824.36,253.8,338.4,676.8,227.24
8465,2180.66,2180.66,824.96,253.95,338.6,677.2,227.39
8470,2182.39,2182.39,825.56,254.1,338.8,677.6,227.43
8475,2184.13,2184.13,826.16,254.25,339,678,227.58
8480,2185.86,2185.86,826.76,254.4,339.2,678.4,227.73
8485,2187.59,2187.59,827.36,254.55,339.4,678.8,227.88
8490,2189.33,2189.33,827.96,254.7,339.6,679.2,228.03
8495,2191.06,2191.06,828.56,254.85,339.8,679.6,228.18
8500,2192.79,2192.79,829.16,255,340,680,228.23
8505,2194.53,2194.53,829.76,255.15,340.2,680.4,228.38
8510,2196.26,2196.26,830.36,255.3,340.4,680.8,228.53
8515,2197.99,2197.99,830.96,255.45,340.6,681.2,228.68
8520,2199.77,2199.77,831.56,255.6,340.8,681.6,228.83
8525,2201.5,2201.5,832.16,255.75,341,682,228.98
8530,2203.24,2203.24,832.76,255.9,341.2,682.4,229.13
8535,2204.97,2204.97,833.36,256.05,341.4,682.8,229.17
8540,2206.7,2206.7,833.96,256.2,341.6,683.2,229.32
8545,2208.44,2208.44,834.56,256.35,341.8,683.6,229.47
8550,2210.17,2210.17,835.16,256.5,342,684,229.62
8555,2211.9,2211.9,835.76,256.65,342.2,684.4,229.77
8560,2213.64,2213.64,836.36,256.8,342.4,684.8,229.92
8565,2215.37,2215.37,836.96,256.95,342.6,685.2,230.07
8570,2217.1,2217.1,837.56,257.1,342.8,685.6,230.12
8575,2218.84,2218.84,838.16,257.25,343,686,230.27
8580,2220.57,2220.57,838.76,257.4,343.2,686.4,230.42
8585,2222.3,2222.3,839.36,257.55,343.4,686.8,230.57
8590,2224.04,2224.04,839.96,257.7,343.6,687.2,230.72
8595,2225.77,2225.77,840.56,257.85,343.8,687.6,230.87
8600,2227.5,2227.5,841.16,258,344,688,230.91
8605,2229.24,2229.24,841.76,258.15,344.2,688.4,231.06
8610,2230.97,2230.97,842.36,258.3,344.4,688.8,231.21
8615,2232.7,2232.7,842.96,258.45,344.6,689.2,231.36
8620,2234.44,2234.44,843.56,258.6,344.8,689.6,231.51
8625,2236.17,2236.17,844.16,258.75,345,690,231.66
8630,2237.9,2237.9,844.76,258.9,345.2,690.4,231.81
8635,2239.64,2239.64,845.36,259.05,345.4,690.8,231.86
8640,2241.37,2241.37,845.96,259.2,345.6,691.2,232.01
8645,2243.1,2243.1,846.56,259.35,345.8,691.6,232.16
8650,2244.88,2244.88,847.16,259.5,346,692,232.31
8655,2246.61,2246.61,847.76,259.65,346.2,692.4,232.46
8660,2248.35,2248.35,848.36,259.8,346.4,692.8,232.61
8665,2250.08,2250.08,848.96,259.95,346.6,693.2,232.76
8670,2251.81,2251.81,849.56,260.1,346.8,693.6,232.8
8675,2253.55,2253.55,850.16,260.25,347,694,232.95
8680,2255.28,2255.28,850.76,260.4,347.2,694.4,233.1
8685,2257.01,2257.01,851.36,260.55,347.4,694.8,233.25
8690,2258.75,2258.75,851.96,260.7,347.6,695.2,233.4
8695,2260.48,2260.48,852.56,260.85,347.8,695.6,233.55
8700,2262.21,2262.21,853.16,261,348,696,233.6
8705,2263.95,2263.95,853.76,261.15,348.2,696.4,233.75
8710,2265.68,2265.68,854.36,261.3,348.4,696.8,233.9
8715,2267.41,2267.41,854.96,261.45,348.6,697.2,234.05
8720,2269.15,2269.15,855.56,261.6,348.8,697.6,234.2
8725,2270.88,2270.88,856.16,261.75,349,698,234.35
8730,2272.61,2272.61,856.76,261.9,349.2,698.4,234.5
8735,2274.35,2274.35,857.36,262.05,349.4,698.8,234.54
8740,2276.08,2276.08,857.96,262.2,349.6,699.2,234.69
8745,2277.81,2277.81,858.56,262.35,349.8,699.6,234.84
8750,2279.55,2279.55,859.16,262.5,350,700,234.99
8755,2281.28,2281.28,859.76,262.65,350.2,700.4,235.14
8760,2283.01,2283.01,860.36,262.8,350.4,700.8,235.29
8765,2284.75,2284.75,860.96,262.95,350.6,701.2,235.44
8770,2286.48,2286.48,861.56,263.1,350.8,701.6,235.49
8775,2288.21,2288.21,862.16,263.25,351,702,235.64
8780,2289.99,2289.99,862.76,263.4,351.2,702.4,235.79
8785,2291.72,2291.72,863.36,263.55,351.4,702.8,235.94
8790,2293.46,2293.46,863.96,263.7,351.6,703.2,236.09
8795,2295.19,2295.19,864.56,263.85,351.8,703.6,236.24
8800,2296.92,2296.92,865.16,264,352,704,236.28
8805,2298.66,2298.66,865.76,264.15,352.2,704.4,236.43
8810,2300.39,2300.39,866.36,264.3,352.4,704.8,236.58
8815,2302.12,2302.12,866.96,264.45,352.6,705.2,236.73
8820,2303.86,2303.86,867.56,264.6,352.8,705.6,236.88
8825,2305.59,2305.59,868.16,264.75,353,706,237.03
8830,2307.32,2307.32,868.76,264.9,353.2,706.4,237.18
8835,2309.06,2309.06,869.36,265.05,353.4,706.8,237.23
8840,2310.79,2310.79,869.96,265.2,353.6,707.2,237.38
8845,2312.52,2312.52,870.56,265.35,353.8,707.6,237.53
8850,2314.26,2314.26,871.16,265.5,354,708,237.68
8855,2315.99,2315.99,871.76,265.65,354.2,708.4,237.83
8860,2317.72,2317.72,872.36,265.8,354.4,708.8,237.98
8865,2319.46,2319.46,872.96,265.95,354.6,709.2,238.13
8870,2321.19,2321.19,873.56,266.1,354.8,709.6,238.17
8875,2322.92,2322.92,874.16,266.25,355,710,238.32
8880,2324.66,2324.66,874.76,266.4,355.2,710.4,238.47
8885,2326.39,2326.39,875.36,266.55,355.4,710.8,238.62
8890,2328.12,2328.12,875.96,266.7,355.6,711.2,238.77
8895,2329.86,2329.86,876.56,266.85,355.8,711.6,238.92
8900,2331.59,2331.59,877.16,267,356,712,238.97
8905,2333.32,2333.32,877.76,267.15,356.2,712.4,239.12
8910,2335.1,2335.1,878.36,267.3,356.4,712.8,239.27
8915,2336.83,2336.83,878.96,267.45,356.6,713.2,239.42
8920,2338.57,2338.57,879.56,267.6,356.8,713.6,239.57
8925,2340.3,2340.3,880.16,267.75,357,714,239.72
8930,2342.03,2342.03,880.76,267.9,357.2,714.4,239.87
8935,2343.77,2343.77,881.36,268.05,357.4,714.8,239.91
8940,2345.5,2345.5,881.96,268.2,357.6,715.2,240.06
8945,2347.23,2347.23,882.56,268.35,357.8,715.6,240.21
8950,2348.97,2348.97,883.16,268.5,358,716,240.36
8955,2350.7,2350.7,883.76,268.65,358.2,716.4,240.51
8960,2352.43,2352.43,884.36,268.8,358.4,716.8,240.66
8965,2354.17,2354.17,884.96,268.95,358.6,717.2,240.81
8970,2355.9,2355.9,885.56,269.1,358.8,717.6,240.86
8975,2357.63,2357.63,886.16,269.25,359,718,241.01
8980,2359.37,2359.37,886.76,269.4,359.2,718.4,241.16
8985,2361.1,2361.1,887.36,269.55,359.4,718.8,241.31
8990,2362.83,2362.83,887.96,269.7,359.6,719.2,241.46
8995,2364.57,2364.57,888.56,269.85,359.8,719.6,241.61
9000,2366.3,2366.3,889.16,270,360,720,241.65
9005,2368.03,2368.03,889.76,270.15,360.2,720.4,241.8
9010,2369.77,2369.77,890.36,270.3,360.4,720.8,241.95
9015,2371.5,2371.5,890.96,270.45,360.6,721.2,242.1
9020,2373.23,2373.23,891.56,270.6,360.8,721.6,242.25
9025,2374.97,2374.97,892.16,270.75,361,722,242.4
9030,2376.7,2376.7,892.76,270.9,361.2,722.4,242.55
9035,2378.43,2378.43,893.36,271.05,361.4,722.8,242.6
9040,2380.21,2380.21,893.96,271.2,361.6,723.2,242.75
9045,2381.94,2381.94,894.56,271.35,361.8,723.6,242.9
9050,2383.68,2383.68,895.16,271.5,362,724,243.05
9055,2385.41,2385.41,895.76,271.65,362.2,724.4,243.2
9060,2387.14,2387.14,896.36,271.8,362.4,724.8,243.35
9065,2388.88,2388.88,896.96,271.95,362.6,725.2,243.5
9070,2390.61,2390.61,897.56,272.1,362.8,725.6,243.54
9075,2392.34,2392.34,898.16,272.25,363,726,243.69
9080,2394.08,2394.08,898.76,272.4,363.2,726.4,243.84
9085,2395.81,2395.81,899.36,272.55,363.4,726.8,243.99
9090,2397.54,2397.54,899.96,272.7,363.6,727.2,244.14
9095,2399.28,2399.28,900.56,272.85,363.8,727.6,244.29
9100,2401.01,2401.01,901.16,273,364,728,244.34
9105,2402.74,2402.74,901.76,273.15,364.2,728.4,244.49
9110,2404.48,2404.48,902.36,273.3,364.4,728.8,244.64
9115,2406.21,2406.21,902.96,273.45,364.6,729.2,244.79
9120,2407.94,2407.94,903.56,273.6,364.8,729.6,244.94
9125,2409.68,2409.68,904.16,273.75,365,730,245.09
9130,2411.41,2411.41,904.76,273.9,365.2,730.4,245.24
9135,2413.14,2413.14,905.36,274.05,365.4,730.8,245.28
9140,2414.88,2414.88,905.96,274.2,365.6,731.2,245.43
9145,2416.61,2416.61,906.56,274.35,365.8,731.6,245.58
9150,2418.34,2418.34,907.16,274.5,366,732,245.73
9155,2420.08,2420.08,907.76,274.65,366.2,732.4,245.88
9160,2421.81,2421.81,908.36,274.8,366.4,732.8,246.03
9165,2423.54,2423.54,908.96,274.95,366.6,733.2,246.18
9170,2425.32,2425.32,909.56,275.1,366.8,733.6,246.23
9175,2427.05,2427.05,910.16,275.25,367,734,246.38
9180,2428.79,2428.79,910.76,275.4,367.2,734.4,246.53
9185,2430.52,2430.52,911.36,275.55,367.4,734.8,246.68
9190,2432.25,2432.25,911.96,275.7,367.6,735.2,246.83
9195,2433.99,2433.99,912.56,275.85,367.8,735.6,246.98
9200,2435.72,2435.72,913.16,276,368,736,247.02
9205,2437.45,2437.45,913.76,276.15,368.2,736.4,247.17
9210,2439.19,2439.19,914.36,276.3,368.4,736.8,247.32
9215,2440.92,2440.92,914.96,276.45,368.6,737.2,247.47
9220,2442.65,2442.65,915.56,276.6,368.8,737.6,247.62
9225,2444.39,2444.39,916.16,276.75,369,738,247.77
9230,2446.12,2446.12,916.76,276.9,369.2,738.4,247.92
9235,2447.85,2447.85,917.36,277.05,369.4,738.8,247.97
9240,2449.59,2449.59,917.96,277.2,369.6,739.2,248.12
9245,2451.32,2451.32,918.56,277.35,369.8,739.6,248.27
9250,2453.05,2453.05,919.16,277.5,370,740,248.42
9255,2454.79,2454.79,919.76,277.65,370.2,740.4,248.57
9260,2456.52,2456.52,920.36,277.8,370.4,740.8,248.72
9265,2458.25,2458.25,920.96,277.95,370.6,741.2,248.87
9270,2459.99,2459.99,921.56,278.1,370.8,741.6,248.91
9275,2461.72,2461.72,922.16,278.25,371,742,249.06
9280,2463.45,2463.45,922.76,278.4,371.2,742.4,249.21
9285,2465.19,2465.19,923.36,278.55,371.4,742.8,249.36
9290,2466.92,2466.92,923.96,278.7,371.6,743.2,249.51
9295,2468.65,2468.65,924.56,278.85,371.8,743.6,249.66
9300,2470.43,2470.43,925.16,279,372,744,249.71
9305,2472.16,2472.16,925.76,279.15,372.2,744.4,249.86
9310,2473.9,2473.9,926.36,279.3,372.4,744.8,250.01
9315,2475.63,2475.63,926.96,279.45,372.6,745.2,250.16
9320,2477.36,2477.36,927.56,279.6,372.8,745.6,250.31
9325,2479.1,2479.1,928.16,279.75,373,746,250.46
9330,2480.83,2480.83,928.76,279.9,373.2,746.4,250.61
9335,2482.56,2482.56,929.36,280.05,373.4,746.8,250.65
9340,2484.3,2484.3,929.96,280.2,373.6,747.2,250.8
9345,2486.03,2486.03,930.56,280.35,373.8,747.6,250.95
9350,2487.76,2487.76,931.16,280.5,374,748,251.1
9355,2489.5,2489.5,931.76,280.65,374.2,748.4,251.25
9360,2491.23,2491.23,932.36,280.8,374.4,748.8,251.4
9365,2492.96,2492.96,932.96,280.95,374.6,749.2,251.55
9370,2494.7,2494.7,933.56,281.1,374.8,749.6,251.6
9375,2496.43,2496.43,934.16,281.25,375,750,251.75
9380,2498.16,2498.16,934.76,281.4,375.2,750.4,251.9
9385,2499.9,2499.9,935.36,281.55,375.4,750.8,252.05
9390,2501.63,2501.63,935.96,281.7,375.6,751.2,252.2
9395,2503.36,2503.36,936.56,281.85,375.8,751.6,252.35
9400,2505.1,2505.1,937.16,282,376,752,252.39
9405,2506.83,2506.83,937.76,282.15,376.2,752.4,252.54
9410,2508.56,2508.56,938.36,282.3,376.4,752.8,252.69
9415,2510.3,2510.3,938.96,282.45,376.6,753.2,252.84
9420,2512.03,2512.03,939.56,282.6,376.8,753.6,252.99
9425,2513.76,2513.76,940.16,282.75,377,754,253.14
9430,2515.54,2515.54,940.76,282.9,377.2,754.4,253.29
9435,2517.27,2517.27,941.36,283.05,377.4,754.8,253.34
9440,2519.01,2519.01,941.96,283.2,377.6,755.2,253.49
9445,2520.74,2520.74,942.56,283.35,377.8,755.6,253.64
9450,2522.47,2522.47,943.16,283.5,378,756,253.79
9455,2524.21,2524.21,943.76,283.65,378.2,756.4,253.94
9460,2525.94,2525.94,944.36,283.8,378.4,756.8,254.09
9465,2527.67,2527.67,944.96,283.95,378.6,757.2,254.24
9470,2529.41,2529.41,945.56,284.1,378.8,757.6,254.28
9475,2531.14,2531.14,946.16,284.25,379,758,254.43
9480,2532.87,2532.87,946.76,284.4,379.2,758.4,254.58
9485,2534.61,2534.61,947.36,284.55,379.4,758.8,254.73
9490,2536.34,2536.34,947.96,284.7,379.6,759.2,254.88
9495,2538.07,2538.07,948.56,284.85,379.8,759.6,255.03
9500,2539.81,2539.81,949.16,285,380,760,255.08
9505,2541.54,2541.54,949.76,285.15,380.2,760.4,255.23
9510,2543.27,2543.27,950.36,285.3,380.4,760.8,255.38
9515,2545.01,2545.01,950.96,285.45,380.6,761.2,255.53
9520,2546.74,2546.74,951.56,285.6,380.8,761.6,255.68
9525,2548.47,2548.47,952.16,285.75,381,762,255.83
9530,2550.21,2550.21,952.76,285.9,381.2,762.4,255.98
9535,2551.94,2551.94,953.36,286.05,381.4,762.8,256.02
9540,2553.67,2553.67,953.96,286.2,381.6,763.2,256.17
9545,2555.41,2555.41,954.56,286.35,381.8,763.6,256.32
9550,2557.14,2557.14,955.16,286.5,382,764,256.47
9555,2558.87,2558.87,955.76,286.65,382.2,764.4,256.62
9560,2560.65,2560.65,956.36,286.8,382.4,764.8,256.77
9565,2562.38,2562.38,956.96,286.95,382.6,765.2,256.92
9570,2564.12,2564.12,957.56,287.1,382.8,765.6,256.97
9575,2565.85,2565.85,958.16,287.25,383,766,257.12
9580,2567.58,2567.58,958.76,287.4,383.2,766.4,257.27
9585,2569.32,2569.32,959.36,287.55,383.4,766.8,257.42
9590,2571.05,2571.05,959.96,287.7,383.6,767.2,257.57
9595,2572.78,2572.78,960.56,287.85,383.8,767.6,257.72
9600,2574.52,2574.52,961.16,288,384,768,257.76
9605,2576.25,2576.25,961.76,288.15,384.2,768.4,257.91
9610,2577.98,2577.98,962.36,288.3,384.4,768.8,258.06
9615,2579.72,2579.72,962.96,288.45,384.6,769.2,258.21
9620,2581.45,2581.45,963.56,288.6,384.8,769.6,258.36
9625,2583.18,2583.18,964.16,288.75,385,770,258.51
9630,2584.92,2584.92,964.76,288.9,385.2,770.4,258.66
9635,2586.65,2586.65,965.36,289.05,385.4,770.8,258.71
9640,2588.38,2588.38,965.96,289.2,385.6,771.2,258.86
9645,2590.12,2590.12,966.56,289.35,385.8,771.6,259.01
9650,2591.85,2591.85,967.16,289.5,386,772,259.16
9655,2593.58,2593.58,967.76,289.65,386.2,772.4,259.31
9660,2595.32,2595.32,968.36,289.8,386.4,772.8,259.46
9665,2597.05,2597.05,968.96,289.95,386.6,773.2,259.61
9670,2598.78,2598.78,969.56,290.1,386.8,773.6,259.65
9675,2600.52,2600.52,970.16,290.25,387,774,259.8
9680,2602.16,2602.16,970.76,290.4,387.2,774.4,259.95
9685,2603.81,2603.81,971.36,290.55,387.4,774.8,260.1
9690,2605.46,2605.46,971.96,290.7,387.6,775.2,260.25
9695,2607.1,2607.1,972.56,290.85,387.8,775.6,260.4
9700,2608.75,2608.75,973.16,291,388,776,260.45
9705,2610.4,2610.4,973.76,291.15,388.2,776.4,260.6
9710,2612.09,2612.09,974.36,291.3,388.4,776.8,260.75
9715,2613.73,2613.73,974.96,291.45,388.6,777.2,260.9
9720,2615.38,2615.38,975.56,291.6,388.8,777.6,261.05
9725,2617.03,2617.03,976.16,291.75,389,778,261.2
9730,2618.67,2618.67,976.76,291.9,389.2,778.4,261.35
9735,2620.32,2620.32,977.36,292.05,389.4,778.8,261.39
9740,2621.97,2621.97,977.96,292.2,389.6,779.2,261.54
9745,2623.61,2623.61,978.56,292.35,389.8,779.6,261.69
9750,2625.26,2625.26,979.16,292.5,390,780,261.84
9755,2626.91,2626.91,979.76,292.65,390.2,780.4,261.99
9760,2628.55,2628.55,980.36,292.8,390.4,780.8,262.14
9765,2630.2,2630.2,980.96,292.95,390.6,781.2,262.29
9770,2631.85,2631.85,981.56,293.1,390.8,781.6,262.34
9775,2633.54,2633.54,982.16,293.25,391,782,262.49
9780,2635.18,2635.18,982.76,293.4,391.2,782.4,262.64
9785,2636.83,2636.83,983.36,293.55,391.4,782.8,262.79
9790,2638.48,2638.48,983.96,293.7,391.6,783.2,262.94
9795,2640.12,2640.12,984.56,293.85,391.8,783.6,263.09
9800,2641.77,2641.77,985.16,294,392,784,263.13
9805,2643.42,2643.42,985.76,294.15,392.2,784.4,263.28
9810,2645.06,2645.06,986.36,294.3,392.4,784.8,263.43
9815,2646.71,2646.71,986.96,294.45,392.6,785.2,263.58
9820,2648.36,2648.36,987.56,294.6,392.8,785.6,263.73
9825,2650,2650,988.16,294.75,393,786,263.88
9830,2651.65,2651.65,988.76,294.9,393.2,786.4,264.03
9835,2653.3,2653.3,989.36,295.05,393.4,786.8,264.08
9840,2654.99,2654.99,989.96,295.2,393.6,787.2,264.23
9845,2656.63,2656.63,990.56,295.35,393.8,787.6,264.38
9850,2658.28,2658.28,991.16,295.5,394,788,264.53
9855,2659.93,2659.93,991.76,295.65,394.2,788.4,264.68
9860,2661.57,2661.57,992.36,295.8,394.4,788.8,264.83
9865,2663.22,2663.22,992.96,295.95,394.6,789.2,264.98
9870,2664.87,2664.87,993.56,296.1,394.8,789.6,265.02
9875,2666.51,2666.51,994.16,296.25,395,790,265.17
9880,2668.16,2668.16,994.76,296.4,395.2,790.4,265.32
9885,2669.81,2669.81,995.36,296.55,395.4,790.8,265.47
9890,2671.45,2671.45,995.96,296.7,395.6,791.2,265.62
9895,2673.1,2673.1,996.56,296.85,395.8,791.6,265.77
9900,2674.75,2674.75,997.16,297,396,792,265.82
9905,2676.44,2676.44,997.76,297.15,396.2,792.4,265.97
9910,2678.08,2678.08,998.36,297.3,396.4,792.8,266.12
9915,2679.73,2679.73,998.96,297.45,396.6,793.2,266.27
9920,2681.38,2681.38,999.56,297.6,396.8,793.6,266.42
9925,2683.02,2683.02,1000.16,297.75,397,794,266.57
9930,2684.67,2684.67,1000.76,297.9,397.2,794.4,266.72
9935,2686.32,2686.32,1001.36,298.05,397.4,794.8,266.76
9940,2687.96,2687.96,1001.96,298.2,397.6,795.2,266.91
9945,2689.61,2689.61,1002.56,298.35,397.8,795.6,267.06
9950,2691.26,2691.26,1003.16,298.5,398,796,267.21
9955,2692.9,2692.9,1003.76,298.65,398.2,796.4,267.36
9960,2694.55,2694.55,1004.36,298.8,398.4,796.8,267.51
9965,2696.2,2696.2,1004.96,298.95,398.6,797.2,267.66
9970,2697.89,2697.89,1005.56,299.1,398.8,797.6,267.71
9975,2699.53,2699.53,1006.16,299.25,399,798,267.86
9980,2701.18,2701.18,1006.76,299.4,399.2,798.4,268.01
9985,2702.83,2702.83,1007.36,299.55,399.4,798.8,268.16
9990,2704.47,2704.47,1007.96,299.7,399.6,799.2,268.31
9995,2706.12,2706.12,1008.56,299.85,399.8,799.6,268.46
10000,2707.77,2707.77,1009.16,300,400,800,268.5
